group_window_id,video_id,context,window_start_sec,window_end_sec,active_tracks,mean_distance_5s_px,median_distance_5s_px,mean_distance_last_1s_px,mean_speed_px_s,mean_immobile_ratio,mean_y_norm,std_y_norm_between_tracks,mean_x_norm,std_x_norm_between_tracks
V3_FEEDING:GW000004000,V3_FEEDING,FEEDING,4.0,9.0,1,653.2926200867691,653.2926200867691,317.20229002147454,131.77980913965592,0.09219858156028368,0.7555989097541488,0.0,0.3510137497539252,0.0
V3_FEEDING:GW000007000,V3_FEEDING,FEEDING,7.0,12.0,1,428.81171584845276,428.81171584845276,67.08762185292348,86.49833831561136,0.19148936170212766,0.7282976707942049,0.0,0.5665312580659356,0.0
V3_FEEDING:GW000008000,V3_FEEDING,FEEDING,8.0,13.0,1,418.7130961381785,418.7130961381785,45.999316800266776,84.46128150970848,0.2127659574468085,0.7520449457034258,0.0,0.5857543575931603,0.0
V3_FEEDING:GW000009000,V3_FEEDING,FEEDING,9.0,14.0,1,407.17080953941615,407.17080953941615,12.807076916215498,81.55461197110598,0.2605633802816901,0.775668186018795,0.0,0.6042176805176103,0.0
V3_FEEDING:GW000010000,V3_FEEDING,FEEDING,10.0,15.0,1,320.9423933466029,320.9423933466029,39.83154009549534,64.73933125774818,0.3191489361702128,0.8030300270223841,0.0,0.6188630886480843,0.0
V3_FEEDING:GW000011000,V3_FEEDING,FEEDING,11.0,16.0,1,228.9981854212011,228.9981854212011,59.26364802643684,45.86737977420133,0.34507042253521125,0.7981148926528184,0.0,0.6243416616133044,0.0
V3_FEEDING:GW000012000,V3_FEEDING,FEEDING,12.0,17.0,2,660.2789136488416,660.2789136488416,128.92162242076284,133.18905884475924,0.17375886524822695,0.6049399181430888,0.18250254686449607,0.5311616027019392,0.08739135038684787
V3_FEEDING:GW000013000,V3_FEEDING,FEEDING,13.0,18.0,2,698.4540708434338,698.4540708434338,96.01943257909537,140.88961258484517,0.17375886524822695,0.6084126532637457,0.16806768814163028,0.5244578663312214,0.08794241006105721
V3_FEEDING:GW000014000,V3_FEEDING,FEEDING,14.0,19.0,2,464.4299024925807,464.4299024925807,88.0530792600822,93.68310926440967,0.1950354609929078,0.5007568571489183,0.2598995885378878,0.6636509526783312,0.04271434318851419
V3_FEEDING:GW000015000,V3_FEEDING,FEEDING,15.0,20.0,1,531.6927231025652,531.6927231025652,106.74249058651397,107.25112058068854,0.1702127659574468,0.7377368501654253,0.0,0.6378351935198608,0.0
V3_FEEDING:GW000016000,V3_FEEDING,FEEDING,16.0,21.0,1,571.3521759829601,571.3521759829601,84.8880723969149,115.25108104322565,0.0851063829787234,0.8145464729815022,0.0,0.33376723406180525,0.0
V3_FEEDING:GW000017000,V3_FEEDING,FEEDING,17.0,22.0,2,602.6034654930654,602.6034654930654,167.32401479784642,121.5549773989855,0.08865248226950354,0.5546110586381294,0.28164535900796517,0.5369697968934624,0.1377326033274893
V3_FEEDING:GW000018000,V3_FEEDING,FEEDING,18.0,23.0,1,601.8838534780236,601.8838534780236,66.66843732349906,120.55482115134893,0.1267605633802817,0.8252184612211925,0.0,0.47442733624598354,0.0
V3_FEEDING:GW000019000,V3_FEEDING,FEEDING,19.0,24.0,1,614.7765867691979,614.7765867691979,98.52483009439145,124.010495108936,0.0851063829787234,0.7851186732171287,0.0,0.5440414432908447,0.0
V3_FEEDING:GW000020000,V3_FEEDING,FEEDING,20.0,25.0,1,633.9140095065725,633.9140095065725,89.59996979295973,126.97032758030241,0.1056338028169014,0.7441865194093931,0.0,0.5945155491362085,0.0
V3_FEEDING:GW000021000,V3_FEEDING,FEEDING,21.0,26.0,2,486.8176682219646,486.8176682219646,86.19728816761754,98.19908786905063,0.20567375886524825,0.4552682388836229,0.2708787340233584,0.7316677045234492,0.09383332070330497
V3_FEEDING:GW000022000,V3_FEEDING,FEEDING,22.0,27.0,3,385.95055785790186,406.44327050299563,61.78373594953471,77.85254155343561,0.20567375886524822,0.40042009178275045,0.237067437502786,0.7209491455498996,0.07977226966296626
V3_FEEDING:GW000023000,V3_FEEDING,FEEDING,23.0,28.0,2,396.13957536233806,396.13957536233806,64.04479417144259,79.90783307330139,0.22340425531914893,0.4586850244954159,0.28394494456864305,0.7429042236905703,0.09293744799116965
V3_FEEDING:GW000024000,V3_FEEDING,FEEDING,24.0,29.0,3,423.1870189861817,462.5070386088761,38.491382860982185,85.36374494016492,0.22222222222222224,0.5491189812177409,0.2665971591148966,0.7505908213310958,0.0793976580344572
V3_FEEDING:GW000025000,V3_FEEDING,FEEDING,25.0,30.0,4,380.39613332598515,393.62742300336623,66.84737252156414,76.73212325665557,0.2393617021276596,0.6352007039695838,0.2639708637327682,0.6070242809945009,0.25655804211936084
V3_FEEDING:GW000026000,V3_FEEDING,FEEDING,26.0,31.0,4,305.65405746159587,316.1605872281774,47.391052683546704,61.65542379722696,0.28191489361702127,0.638886942885851,0.2616656287441907,0.6032089442906666,0.25452088192584266
V3_FEEDING:GW000027000,V3_FEEDING,FEEDING,27.0,32.0,4,340.05827539069355,247.3786900657358,110.8844908954164,68.11225178058065,0.2676056338028169,0.6255965815487998,0.2518359977615259,0.5982199014014714,0.24743365232406583
V3_FEEDING:GW000028000,V3_FEEDING,FEEDING,28.0,33.0,3,223.61045487804586,226.55756631238876,57.302328060239766,45.10588694779178,0.32860520094562645,0.5687734815996018,0.2703835544127154,0.5910949313864461,0.27658015930069263
V3_FEEDING:GW000029000,V3_FEEDING,FEEDING,29.0,34.0,3,302.85081735175606,310.8102071119807,64.7390784049346,60.65975338996845,0.21830985915492954,0.6054598611922067,0.21938419411839635,0.5528164331590657,0.24267009290504038
V3_FEEDING:GW000030000,V3_FEEDING,FEEDING,30.0,35.0,3,277.2112467827576,278.6126578436829,58.19601792614335,55.91804356759153,0.21985815602836878,0.6068994159989514,0.21209906893783223,0.5502410686211966,0.24134921350393498
V3_FEEDING:GW000031000,V3_FEEDING,FEEDING,31.0,36.0,2,264.92989761553457,264.92989761553457,49.24122694458498,53.44069452143308,0.2021276595744681,0.5692566279514295,0.2508021924417343,0.47806792943410464,0.2708503332356331
V3_FEEDING:GW000032000,V3_FEEDING,FEEDING,32.0,37.0,2,366.65131160860346,366.65131160860346,131.2445895441261,73.95956785516525,0.19858156028368795,0.5458162352232865,0.23812430680077956,0.48139404826600785,0.27458098207561066
V3_FEEDING:GW000033000,V3_FEEDING,FEEDING,33.0,38.0,3,472.8779429393714,572.9827075313417,126.20862268958452,95.387217229894,0.15602836879432624,0.414037042641677,0.2059557952288587,0.49607570942298906,0.2292532556813023
V3_FEEDING:GW000034000,V3_FEEDING,FEEDING,34.0,39.0,3,368.10496476255736,265.91236157769157,85.83107078535302,74.25279347764035,0.2033096926713948,0.24215999936833624,0.03326938000555774,0.710656643305586,0.138726926707454
V3_FEEDING:GW000035000,V3_FEEDING,FEEDING,35.0,40.0,4,426.5175831858876,435.45474898329013,72.62674517464653,86.03557422626066,0.17553191489361702,0.3179990089485343,0.11588743906570888,0.6339352879096085,0.17813484990780962
V3_FEEDING:GW000036000,V3_FEEDING,FEEDING,36.0,41.0,4,414.30720837473064,395.9770646698255,91.53812386416567,82.98400284159428,0.16549295774647887,0.3260650902013956,0.11295414628780907,0.6201097839362139,0.18708165178697136
V3_FEEDING:GW000037000,V3_FEEDING,FEEDING,37.0,42.0,3,339.94054112301086,334.58708923460176,34.12594193073431,68.57156846815722,0.18439716312056734,0.36979117318871246,0.12691423702933138,0.6316293755327592,0.2065745213353313
V3_FEEDING:GW000038000,V3_FEEDING,FEEDING,38.0,43.0,2,401.03590440527375,401.03590440527375,158.98505121778604,80.32581610467166,0.20774647887323944,0.3511914224752457,0.16317204935845242,0.5956199422999695,0.2431931501085108
V3_FEEDING:GW000039000,V3_FEEDING,FEEDING,39.0,44.0,2,430.64222425819605,430.64222425819605,81.83575543930417,86.86758180841596,0.1773049645390071,0.37697149061820867,0.19752546117899003,0.596295101793719,0.24402773598550082
V3_FEEDING:GW000040000,V3_FEEDING,FEEDING,40.0,45.0,4,411.8302047548573,417.74590281208066,66.58940969293451,83.07288971568728,0.16843971631205673,0.5494825011617701,0.22345677498759892,0.5341925360760849,0.29669699534426525
V3_FEEDING:GW000041000,V3_FEEDING,FEEDING,41.0,46.0,4,384.86216745377294,386.78115743889595,77.4617421367035,77.63299540318768,0.1826241134751773,0.567479847189686,0.22653366399520966,0.5427563698988565,0.29331767936611935
V3_FEEDING:GW000042000,V3_FEEDING,FEEDING,42.0,47.0,4,456.61306746865273,486.0930941365317,129.4824624291938,92.10632575904485,0.1595744680851064,0.5671071870715966,0.22484797979481663,0.5473270169446166,0.2799015264649671
V3_FEEDING:GW000043000,V3_FEEDING,FEEDING,43.0,48.0,3,420.30825324055013,390.09741396000084,115.10826606800943,84.78305079354048,0.13002364066193853,0.5221874730501189,0.2566839201436868,0.48129401030674784,0.2603761273066555
V3_FEEDING:GW000044000,V3_FEEDING,FEEDING,44.0,49.0,3,503.9252507578731,451.3687729555507,147.19484580145203,101.64996714137926,0.14657210401891252,0.49798504263395804,0.26857109628016085,0.49424613786974986,0.2238249789288485
V3_FEEDING:GW000045000,V3_FEEDING,FEEDING,45.0,50.0,3,518.0799473501775,505.58807545182464,92.37191471752742,103.7692488907765,0.14788732394366197,0.4730978739845169,0.2786380834877143,0.5133331126266426,0.19118221764917395
V3_FEEDING:GW000048000,V3_FEEDING,FEEDING,48.0,53.0,1,737.4302680075318,737.4302680075318,94.86554069922852,148.75174919155015,0.03546099290780142,0.7008548399652115,0.0,0.1936785999633057,0.0
V3_FEEDING:GW000049000,V3_FEEDING,FEEDING,49.0,54.0,1,657.4668122350918,657.4668122350918,63.85748680463818,132.62181198448343,0.028368794326241134,0.6245600370174282,0.0,0.2346085357519102,0.0
V3_FEEDING:GW000052000,V3_FEEDING,FEEDING,52.0,57.0,2,439.6552424051002,439.6552424051002,111.3217700689764,88.06110815254632,0.17253521126760565,0.5349764618562374,0.2813991878694032,0.5446076780974448,0.26363649107776327
V3_FEEDING:GW000053000,V3_FEEDING,FEEDING,53.0,58.0,2,474.78435635257426,474.78435635257426,135.95456820900952,95.77177200367967,0.18439716312056736,0.5610272517506505,0.30002577380395273,0.586461912032584,0.22692880130989462
V3_FEEDING:GW000054000,V3_FEEDING,FEEDING,54.0,59.0,2,459.6760493761386,459.6760493761386,100.6023115087121,92.07119214093048,0.17957746478873238,0.5477147058312432,0.28225040520543543,0.6295334339975478,0.19092575132430023
V3_FEEDING:GW000055000,V3_FEEDING,FEEDING,55.0,60.0,2,490.96799613149665,490.96799613149665,81.60011147553871,99.03627690650241,0.16312056737588654,0.5151752533767145,0.2589995860773633,0.6666121230368883,0.15815949249015726
V3_FEEDING:GW000056000,V3_FEEDING,FEEDING,56.0,61.0,3,469.7439444660782,392.6760500361256,60.27653883502611,94.75503846657098,0.13947990543735225,0.4308503431333623,0.20576500019921465,0.6600112912940307,0.12075129026147186
V3_FEEDING:GW000057000,V3_FEEDING,FEEDING,57.0,62.0,2,472.0063073850165,472.0063073850165,71.45683376844643,95.21139407888853,0.13829787234042554,0.428994102615146,0.21351295540310405,0.7224548397979267,0.11424252292220022
V3_FEEDING:GW000058000,V3_FEEDING,FEEDING,58.0,63.0,2,260.2531300837081,260.2531300837081,31.87692778356012,52.497313999772075,0.2695035460992908,0.5060039209508,0.3064790199200312,0.6119224147687496,0.22999628528322974
V3_FEEDING:GW000059000,V3_FEEDING,FEEDING,59.0,64.0,4,461.95854158637206,439.46151407749437,72.98591309019021,93.18459533891655,0.2109929078014184,0.5812284380057609,0.23703272874025452,0.5304428264183898,0.200414409454916
V3_FEEDING:GW000060000,V3_FEEDING,FEEDING,60.0,65.0,4,392.4543446372519,387.9744496566328,40.82069266443042,79.16446174680053,0.2553191489361702,0.5962675726539652,0.24050478340718848,0.5060596928420201,0.22269761142247124
V3_FEEDING:GW000061000,V3_FEEDING,FEEDING,61.0,66.0,4,288.8543798992245,232.5522097582531,30.67023622626375,57.85632544602964,0.2834507042253521,0.6055706514692529,0.2375165613367244,0.49670375856486226,0.23661237369631807
V3_FEEDING:GW000062000,V3_FEEDING,FEEDING,62.0,67.0,4,267.88239493954393,209.14294206979747,64.2588111072032,54.036261533642524,0.30319148936170215,0.6086107038346256,0.2395827182414449,0.5001795154904395,0.24461542828147512
V3_FEEDING:GW000063000,V3_FEEDING,FEEDING,63.0,68.0,4,298.31928666135116,260.85684493077093,81.42954161146078,59.752106725638555,0.28873239436619713,0.6071337316072348,0.250069355455979,0.5080348993254291,0.2503467980860252
V3_FEEDING:GW000064000,V3_FEEDING,FEEDING,64.0,69.0,5,326.8132720688859,311.93236831755286,72.40662305262929,65.92358354181984,0.25248226950354613,0.5718655080806482,0.23675914483707525,0.489294777617488,0.23936929561533388
V3_FEEDING:GW000065000,V3_FEEDING,FEEDING,65.0,70.0,4,327.43005030023915,343.0311143781567,56.96981805713371,66.04799780138762,0.2907801418439716,0.5844814996974009,0.2646099180332698,0.5751472265157901,0.20719620121263893
V3_FEEDING:GW000066000,V3_FEEDING,FEEDING,66.0,71.0,4,253.77873864532165,291.1359264052673,26.301171890777397,51.1913233275794,0.3262411347517731,0.5340579572068134,0.30179992728000266,0.6446095619822891,0.16640982085381112
V3_FEEDING:GW000067000,V3_FEEDING,FEEDING,67.0,72.0,4,211.8790874547269,241.19057969199025,40.000005082691104,42.73947821691292,0.3475177304964539,0.5321998624454641,0.3042084094496981,0.6538029065224485,0.16822579218362205
V3_FEEDING:GW000068000,V3_FEEDING,FEEDING,68.0,73.0,3,265.850989892557,262.2232965372229,103.29774393635887,53.62649390249786,0.2624113475177305,0.4355743932518787,0.29163842972231924,0.7407914142093747,0.10075355452601123
V3_FEEDING:GW000069000,V3_FEEDING,FEEDING,69.0,74.0,3,290.2741762581764,304.9650143528061,68.4084369710716,58.55305014832857,0.2553191489361702,0.435568214656788,0.2894269130046398,0.7353538640787903,0.10607910743799538
V3_FEEDING:GW000070000,V3_FEEDING,FEEDING,70.0,75.0,3,416.08187208896044,301.4831660972393,36.38731961025401,83.33946056892242,0.22535211267605634,0.5356073564860648,0.25749257245012996,0.6266838916010791,0.2541956370251481
V3_FEEDING:GW000071000,V3_FEEDING,FEEDING,71.0,76.0,3,403.5634711486623,291.00482326317876,34.7554704882526,81.40535430607501,0.2033096926713948,0.5722853665340674,0.25608562312840205,0.6408578673648723,0.23280675416389346
V3_FEEDING:GW000072000,V3_FEEDING,FEEDING,72.0,77.0,4,424.3915967404788,402.04649232759607,42.361972789737024,85.00386369818389,0.20598591549295775,0.6452916334211688,0.23586166050220403,0.5415380974280667,0.27092989496876657
V3_FEEDING:GW000073000,V3_FEEDING,FEEDING,73.0,78.0,3,294.2998474508446,232.07986086609918,51.01284010201365,59.365093886643315,0.2955082742316785,0.6389866869214555,0.2695641010438881,0.6198679447663782,0.2691618511243603
V3_FEEDING:GW000074000,V3_FEEDING,FEEDING,74.0,79.0,3,316.73094799919573,213.19972574882812,85.23695195333339,63.88981383321456,0.23404255319148937,0.8283000621437467,0.03134532312686362,0.5977217810254701,0.2238010989322913
V3_FEEDING:GW000075000,V3_FEEDING,FEEDING,75.0,80.0,3,352.8103014532242,302.2942585822276,82.6236265484918,71.16760967211802,0.2127659574468085,0.8260513375809121,0.0355597557228966,0.629171560711704,0.19411950250090373
V3_FEEDING:GW000076000,V3_FEEDING,FEEDING,76.0,81.0,3,358.43460479948345,293.64103994772495,51.42544989547946,72.30212366894683,0.21513002364066192,0.8221493118805504,0.037584484230720944,0.6543936222651756,0.1650295174514749
V3_FEEDING:GW000077000,V3_FEEDING,FEEDING,77.0,82.0,3,349.8502067107882,347.27578510918994,60.2490073423898,70.57051013632064,0.23877068557919623,0.8173757556085482,0.04420983431838178,0.6756157113352851,0.13585309005387108
V3_FEEDING:GW000078000,V3_FEEDING,FEEDING,78.0,83.0,3,318.7547793127026,301.0373411650851,29.39184089902086,64.29805371841165,0.28132387706855794,0.811195003781147,0.04860208725803493,0.6921425298625875,0.11260174174558107
V3_FEEDING:GW000079000,V3_FEEDING,FEEDING,79.0,84.0,5,239.45680497104368,252.10929729929845,35.71630117747962,47.962197573408424,0.3816901408450704,0.7009669209360243,0.23093020991327842,0.6583569559350715,0.17060371882117104
V3_FEEDING:GW000080000,V3_FEEDING,FEEDING,80.0,85.0,5,177.19649613844496,154.81429983184157,30.198685959299713,35.74343215179511,0.4297872340425532,0.709109507301044,0.224897516674095,0.6592678606342263,0.16755150687099196
V3_FEEDING:GW000081000,V3_FEEDING,FEEDING,81.0,86.0,5,161.90538943697447,180.64579473591675,25.104850852045093,32.42897305555731,0.4591549295774648,0.7161470454556126,0.22482057087347115,0.6636309355122226,0.1697868024444507
V3_FEEDING:GW000082000,V3_FEEDING,FEEDING,82.0,87.0,5,151.29216214337458,191.16137216553096,33.21616089362533,30.518104197980563,0.4340425531914893,0.7220248665160416,0.22475831128667784,0.6680504833140842,0.1750513890254131
V3_FEEDING:GW000083000,V3_FEEDING,FEEDING,83.0,88.0,6,243.57469948425077,189.82308496190686,79.27002150792971,49.133001693820454,0.3959810874704492,0.7344368653398164,0.20428512194274812,0.5931015173384281,0.23941723235458373
V3_FEEDING:GW000084000,V3_FEEDING,FEEDING,84.0,89.0,6,291.6824764493376,154.52459376179206,79.53294160513273,58.837127336247484,0.3995271867612293,0.7246045288345625,0.20317310200942076,0.5904315097371177,0.2483872027034272
V3_FEEDING:GW000085000,V3_FEEDING,FEEDING,85.0,90.0,5,152.33092278610377,138.79238122160524,33.24788352144792,30.7276392134268,0.4326241134751774,0.7328691338821195,0.22584800866161633,0.6096825437058865,0.2751185017204796
V3_FEEDING:GW000086000,V3_FEEDING,FEEDING,86.0,91.0,4,164.64878720657123,133.47583054148853,52.73187068785891,33.21235398354285,0.3953900709219858,0.6990618738210257,0.24168071681427808,0.5365100618924054,0.2675355975955454
V3_FEEDING:GW000087000,V3_FEEDING,FEEDING,87.0,92.0,4,174.23529104803936,141.47718116648082,43.14730838152427,35.1461086406483,0.3670212765957447,0.6911017801140396,0.23985491825294408,0.5309066174578079,0.2684553084704061
V3_FEEDING:GW000088000,V3_FEEDING,FEEDING,88.0,93.0,3,258.99889881381074,185.4673698307346,74.11977656480063,51.87639732228721,0.2300469483568075,0.6175005823489577,0.2504720624248554,0.5710900378185552,0.29270908253813444
V3_FEEDING:GW000089000,V3_FEEDING,FEEDING,89.0,94.0,3,256.9465448897352,180.2526775375159,27.04692701566363,51.83032167142189,0.20803782505910165,0.5899687258850241,0.24385650461029404,0.5650192859097266,0.2904300789440022
V3_FEEDING:GW000090000,V3_FEEDING,FEEDING,90.0,95.0,2,355.0612711185995,355.0612711185995,107.71113886225595,71.62166707880243,0.16312056737588654,0.4461546161994688,0.22127083774323758,0.4898336224677696,0.3239073252489029
V3_FEEDING:GW000091000,V3_FEEDING,FEEDING,91.0,96.0,2,355.21112527016544,355.21112527016544,63.131564576851254,71.65189511274119,0.1524822695035461,0.4104327969637835,0.19636998457108307,0.5038395560438365,0.31920894272100764
V3_FEEDING:GW000092000,V3_FEEDING,FEEDING,92.0,97.0,2,361.29689020023267,361.29689020023267,62.78191501998287,72.87949346039505,0.1595744680851064,0.387111562735318,0.17191959278824184,0.5179386369359326,0.3105105213296246
V3_FEEDING:GW000093000,V3_FEEDING,FEEDING,93.0,98.0,3,301.33261349524486,320.84274980935874,41.872306572671604,60.78371785170814,0.2033096926713948,0.5396846304430462,0.2554529297407659,0.5957877050543056,0.2560075735178747
V3_FEEDING:GW000094000,V3_FEEDING,FEEDING,94.0,99.0,3,286.0200710169677,304.55503673861267,25.753052867979676,57.694927525311336,0.21985815602836878,0.5414145195195,0.24761299937082826,0.6144699713433853,0.24808668334265394
V3_FEEDING:GW000095000,V3_FEEDING,FEEDING,95.0,100.0,4,227.37926529354147,222.07102605450297,61.7626918883542,45.543116836558575,0.2834507042253521,0.6084448225778855,0.2278462128859102,0.5687558676604624,0.23294662878684624
V3_FEEDING:GW000096000,V3_FEEDING,FEEDING,96.0,101.0,4,263.429213579184,285.54361241990415,86.9415500901836,53.137982000567455,0.26418439716312053,0.6137166942089376,0.21325162955007898,0.5742605404954562,0.2245977447050047
V3_FEEDING:GW000097000,V3_FEEDING,FEEDING,97.0,102.0,4,269.35002316398106,293.84326517580774,53.96372594058799,53.94968428211986,0.2693661971830986,0.7477365462652175,0.09954646200310949,0.566427100809304,0.2081091503484859
V3_FEEDING:GW000098000,V3_FEEDING,FEEDING,98.0,103.0,3,272.7838888856228,313.96401796979814,56.4365542757317,55.02497304951269,0.2978723404255319,0.7899072743357628,0.036110340640540695,0.6163400436790897,0.1710831099283653
V3_FEEDING:GW000099000,V3_FEEDING,FEEDING,99.0,104.0,3,302.72735669970734,377.58682552006354,60.284587817398524,61.065060373620376,0.2695035460992908,0.7766500046928537,0.05170684284835409,0.5943114893817006,0.1582796229795593
V3_FEEDING:GW000100000,V3_FEEDING,FEEDING,100.0,105.0,3,300.88588493785113,402.8555892210174,39.708424365794066,60.69360539333692,0.2789598108747045,0.7653996712351816,0.06330936377480839,0.571574715381497,0.14980470060653234
V3_FEEDING:GW000101000,V3_FEEDING,FEEDING,101.0,106.0,4,287.28848302604683,286.94548055715916,81.09156767151812,57.95078697837578,0.2695035460992908,0.7250194252936494,0.06475436885778732,0.7006757545848967,0.11317094542165496
V3_FEEDING:GW000102000,V3_FEEDING,FEEDING,102.0,107.0,3,340.44317842876836,336.3827223950994,78.13559984299977,68.67295863572137,0.2127659574468085,0.7240094366207929,0.08017403616626562,0.6720621391641141,0.1512436712217522
V3_FEEDING:GW000103000,V3_FEEDING,FEEDING,103.0,108.0,3,310.92476217767285,288.4354025658854,38.131923642595616,62.71861116558173,0.25295508274231676,0.7290521432909421,0.09521414404078794,0.6601714712633213,0.1733014204497714
V3_FEEDING:GW000104000,V3_FEEDING,FEEDING,104.0,109.0,4,269.7944277869112,247.37877087186598,50.4833888735224,54.03869667134836,0.27992957746478875,0.667876854587546,0.1503822757281006,0.7047779308749245,0.18957218105396964
V3_FEEDING:GW000105000,V3_FEEDING,FEEDING,105.0,110.0,2,382.79162353693334,382.79162353693334,94.66221479680948,77.21533282169355,0.23049645390070922,0.8335177390228414,0.0013775026294546855,0.5654025719829009,0.22354893946731602
V3_FEEDING:GW000106000,V3_FEEDING,FEEDING,106.0,111.0,2,337.58299784213244,337.58299784213244,54.200029954549436,67.6164640294343,0.2323943661971831,0.8520973256695799,0.012442701068513695,0.5536629718083601,0.2501492572414291
V3_FEEDING:GW000107000,V3_FEEDING,FEEDING,107.0,112.0,2,318.0043628652593,318.0043628652593,65.85055221012098,64.14668244437834,0.25886524822695034,0.8576527880950713,0.01568220579568208,0.5520268650961593,0.274064819997465
V3_FEEDING:GW000108000,V3_FEEDING,FEEDING,108.0,113.0,3,405.25293152921887,326.5952794807279,119.17973686341952,81.74614610389106,0.19621749408983455,0.809285133433454,0.07268176069852923,0.614568032932953,0.2572724928103743
V3_FEEDING:GW000109000,V3_FEEDING,FEEDING,109.0,114.0,2,364.5303021777256,364.5303021777256,107.0773568238798,73.53172555388926,0.23404255319148937,0.8621935045215445,0.01713984225277615,0.5619845508899487,0.31097275495109417
V3_FEEDING:GW000110000,V3_FEEDING,FEEDING,110.0,115.0,2,388.4179082026102,388.4179082026102,117.56509245250386,78.35024648306384,0.25886524822695034,0.8618797446640445,0.013976208480870778,0.5900567047612768,0.30089426951509124
V3_FEEDING:GW000111000,V3_FEEDING,FEEDING,111.0,116.0,2,546.1985876860402,546.1985876860402,207.39198998894653,110.17719077869907,0.2517730496453901,0.8279033398404367,0.015642280813673803,0.6276731682285457,0.27518092748564743
V3_FEEDING:GW000112000,V3_FEEDING,FEEDING,112.0,117.0,1,245.51688815229724,245.51688815229724,131.71565487875134,49.52477292178135,0.3475177304964539,0.8369228266774208,0.0,0.8988906856993554,0.0
V3_FEEDING:GW000113000,V3_FEEDING,FEEDING,113.0,118.0,1,330.3914530949657,330.3914530949657,107.95545457171151,66.17602766320543,0.2887323943661972,0.8245625260270837,0.0,0.878534943407232,0.0
V3_FEEDING:GW000114000,V3_FEEDING,FEEDING,114.0,119.0,1,359.8539190799837,359.8539190799837,43.069910757577,72.58842257887426,0.2127659574468085,0.8147741631163117,0.0,0.8497813582420349,0.0
V4_BREEDING:GW000000000,V4_BREEDING,BREEDING_PARENTAL_CARE,0.0,5.0,1,43.26354988366806,43.26354988366806,8.294692953657892,8.673413542099006,0.8111888111888111,0.4246803889671961,0.0,0.5948210365242428,0.0
V4_BREEDING:GW000001000,V4_BREEDING,BREEDING_PARENTAL_CARE,1.0,6.0,1,50.2120261873949,50.2120261873949,10.53267920254715,10.066433963024961,0.7692307692307693,0.4236273481890007,0.0,0.5965257290336822,0.0
V4_BREEDING:GW000002000,V4_BREEDING,BREEDING_PARENTAL_CARE,2.0,7.0,1,80.52731691618234,80.52731691618234,33.10354813974308,16.257689482754756,0.6267605633802817,0.4239815635281008,0.0,0.5968387872189076,0.0
V4_BREEDING:GW000003000,V4_BREEDING,BREEDING_PARENTAL_CARE,3.0,8.0,1,87.72130454892074,87.72130454892074,22.262295855402293,17.710086278708793,0.6267605633802817,0.4257095476964137,0.0,0.5952656984329223,0.0
V4_BREEDING:GW000004000,V4_BREEDING,BREEDING_PARENTAL_CARE,4.0,9.0,1,85.39836007036546,85.39836007036546,7.868563804745894,17.12053899180766,0.6643356643356644,0.4284307816514262,0.0,0.5933353339632352,0.0
V4_BREEDING:GW000005000,V4_BREEDING,BREEDING_PARENTAL_CARE,5.0,10.0,1,81.86449846607098,81.86449846607098,6.574297662274931,16.527653555229527,0.6901408450704225,0.43128113224234055,0.0,0.5915522548702213,0.0
V4_BREEDING:GW000006000,V4_BREEDING,BREEDING_PARENTAL_CARE,6.0,11.0,1,80.43578784116387,80.43578784116387,9.894206004397862,16.239210644302446,0.704225352112676,0.43395580022762975,0.0,0.5900959149940864,0.0
V4_BREEDING:GW000007000,V4_BREEDING,BREEDING_PARENTAL_CARE,7.0,12.0,1,68.09530797665528,68.09530797665528,19.46331420757388,13.651648280047441,0.7272727272727273,0.43342064398306385,0.0,0.5919836661881871,0.0
V4_BREEDING:GW000008000,V4_BREEDING,BREEDING_PARENTAL_CARE,8.0,13.0,1,84.33014809536154,84.33014809536154,37.427531424356495,17.02544446123964,0.6338028169014085,0.42935621332733226,0.0,0.5981505680751134,0.0
V4_BREEDING:GW000009000,V4_BREEDING,BREEDING_PARENTAL_CARE,9.0,14.0,1,259.2287622108856,259.2287622108856,179.52275994245554,52.335789672591474,0.4507042253521127,0.4249763455424275,0.0,0.6166603987033551,0.0
V4_BREEDING:GW000015000,V4_BREEDING,BREEDING_PARENTAL_CARE,15.0,20.0,1,218.11697616993817,218.11697616993817,43.182543160030605,44.03571614312245,0.22535211267605634,0.7628335481479174,0.0,0.7983035402698118,0.0
V4_BREEDING:GW000016000,V4_BREEDING,BREEDING_PARENTAL_CARE,16.0,21.0,1,206.8904656689822,206.8904656689822,32.20189026199224,41.47709957896707,0.23776223776223776,0.7671248204178281,0.0,0.8187153591050041,0.0
V4_BREEDING:GW000017000,V4_BREEDING,BREEDING_PARENTAL_CARE,17.0,22.0,1,210.5954175588949,210.5954175588949,60.09001806968612,42.5171859224774,0.2605633802816901,0.7637288840500623,0.0,0.8352817306985386,0.0
V4_BREEDING:GW000018000,V4_BREEDING,BREEDING_PARENTAL_CARE,18.0,23.0,1,311.49160646378084,311.49160646378084,146.28905781791707,62.887154425418565,0.2112676056338028,0.7360890082823924,0.0,0.8422096382487904,0.0
V4_BREEDING:GW000019000,V4_BREEDING,BREEDING_PARENTAL_CARE,19.0,24.0,1,396.20883556639274,396.20883556639274,104.79097687400863,79.43137096103365,0.13286713286713286,0.6815914884761527,0.0,0.8380168154835701,0.0
V4_BREEDING:GW000020000,V4_BREEDING,BREEDING_PARENTAL_CARE,20.0,25.0,1,495.44304357160024,495.44304357160024,135.26012474315849,100.02517738374266,0.07746478873239436,0.6111890871763784,0.0,0.8145171395548573,0.0
V4_BREEDING:GW000021000,V4_BREEDING,BREEDING_PARENTAL_CARE,21.0,26.0,1,536.5020343548981,536.5020343548981,67.43607175226852,108.31459205932352,0.08450704225352113,0.5341071785746754,0.0,0.7740774368072724,0.0
V4_BREEDING:GW000022000,V4_BREEDING,BREEDING_PARENTAL_CARE,22.0,27.0,1,485.9759566650023,485.9759566650023,11.652399343077859,97.42775280823464,0.2097902097902098,0.4665353610559746,0.0,0.7338798271285163,0.0
V4_BREEDING:GW000023000,V4_BREEDING,BREEDING_PARENTAL_CARE,23.0,28.0,1,363.7540342948576,363.7540342948576,29.13260047774739,73.43843510669247,0.29577464788732394,0.4198668069772787,0.0,0.696207253749554,0.0
V4_BREEDING:GW000024000,V4_BREEDING,BREEDING_PARENTAL_CARE,24.0,29.0,1,263.167170961612,263.167170961612,10.216293420551802,53.13091645661347,0.45774647887323944,0.4011601771508063,0.0,0.6624598723191483,0.0
V4_BREEDING:GW000025000,V4_BREEDING,BREEDING_PARENTAL_CARE,25.0,30.0,1,127.61274471051223,127.61274471051223,5.511097824992201,25.583617412181294,0.6433566433566433,0.39949443130581463,0.0,0.6442004341218206,0.0
V4_BREEDING:GW000026000,V4_BREEDING,BREEDING_PARENTAL_CARE,26.0,31.0,1,81.33261554030389,81.33261554030389,21.91397635836437,16.420271516693393,0.676056338028169,0.40233920215170976,0.0,0.6402268513099296,0.0
V4_BREEDING:GW000027000,V4_BREEDING,BREEDING_PARENTAL_CARE,27.0,32.0,1,85.51702220966214,85.51702220966214,15.08043656814424,17.265062910535633,0.6197183098591549,0.40604902858778585,0.0,0.6358028070076361,0.0
V4_BREEDING:GW000028000,V4_BREEDING,BREEDING_PARENTAL_CARE,28.0,33.0,1,64.04517226560569,64.04517226560569,9.349063733369071,12.839682964718124,0.7062937062937062,0.40960647563139596,0.0,0.6299870236052407,0.0
V4_BREEDING:GW000029000,V4_BREEDING,BREEDING_PARENTAL_CARE,29.0,34.0,1,67.87372126017974,67.87372126017974,14.71542206642771,13.703050424933554,0.6619718309859155,0.41319812828010616,0.0,0.6263437514538532,0.0
V4_BREEDING:GW000071000,V4_BREEDING,BREEDING_PARENTAL_CARE,71.0,76.0,1,26.616632477480294,26.616632477480294,5.198201340832105,5.373641671755702,0.9507042253521126,0.4369133540244647,0.0,0.5942993244091113,0.0
V4_BREEDING:GW000072000,V4_BREEDING,BREEDING_PARENTAL_CARE,72.0,77.0,1,27.194684410383644,27.194684410383644,6.226812214537564,5.4903447880389,0.9436619718309859,0.43714281128836674,0.0,0.5948069637471979,0.0
V4_BREEDING:GW000073000,V4_BREEDING,BREEDING_PARENTAL_CARE,73.0,78.0,1,30.69886164605957,30.69886164605957,7.003742035836307,6.154463122973332,0.9230769230769231,0.43725707784846973,0.0,0.5953541518913376,0.0
V4_BREEDING:GW000074000,V4_BREEDING,BREEDING_PARENTAL_CARE,74.0,79.0,1,30.03216633757597,30.03216633757597,5.492891464867473,6.06320505275188,0.9366197183098591,0.436910857131709,0.0,0.5957013572012628,0.0
V4_BREEDING:GW000075000,V4_BREEDING,BREEDING_PARENTAL_CARE,75.0,80.0,1,29.321253134450487,29.321253134450487,4.875660158564778,5.919678526000213,0.9436619718309859,0.4363941478284644,0.0,0.5957576371573069,0.0
V4_BREEDING:GW000076000,V4_BREEDING,BREEDING_PARENTAL_CARE,76.0,81.0,1,26.8622441880776,26.8622441880776,2.8720813557004408,5.385303636398841,0.951048951048951,0.435856807452661,0.0,0.595726159049405,0.0
V4_BREEDING:GW000077000,V4_BREEDING,BREEDING_PARENTAL_CARE,77.0,82.0,1,24.258517804691298,24.258517804691298,3.75320223796443,4.89756103746818,0.9647887323943662,0.435085669764272,0.0,0.5952664687083318,0.0
V4_BREEDING:GW000078000,V4_BREEDING,BREEDING_PARENTAL_CARE,78.0,83.0,1,22.263224424744514,22.263224424744514,5.235270555303646,4.494730526774153,0.9859154929577465,0.4345103018211596,0.0,0.5946572062018867,0.0
V4_BREEDING:GW000079000,V4_BREEDING,BREEDING_PARENTAL_CARE,79.0,84.0,1,21.74392694556643,21.74392694556643,4.7046390856956135,4.3591908416022775,0.9790209790209791,0.4343557245201535,0.0,0.5942045663793881,0.0
V4_BREEDING:GW000080000,V4_BREEDING,BREEDING_PARENTAL_CARE,80.0,85.0,1,21.95264427814111,21.95264427814111,5.061428272389456,4.432027387313585,0.9788732394366197,0.43462802946984347,0.0,0.5937656570981432,0.0
V4_BREEDING:GW000081000,V4_BREEDING,BREEDING_PARENTAL_CARE,81.0,86.0,1,22.527203011412233,22.527203011412233,3.342557065681307,4.548025260244719,0.9788732394366197,0.43495316305360593,0.0,0.5934854804219066,0.0
V4_BREEDING:GW000082000,V4_BREEDING,BREEDING_PARENTAL_CARE,82.0,87.0,1,22.17639604261739,22.17639604261739,3.0820765249170217,4.4458916170354525,0.9790209790209791,0.4353734281327989,0.0,0.5933787571059334,0.0
V4_BREEDING:GW000083000,V4_BREEDING,BREEDING_PARENTAL_CARE,83.0,88.0,1,19.812953351284136,19.812953351284136,3.097005298143853,4.000044403028643,0.9788732394366197,0.43582088641631306,0.0,0.5932027778425417,0.0
V4_BREEDING:GW000084000,V4_BREEDING,BREEDING_PARENTAL_CARE,84.0,89.0,1,19.917745740338678,19.917745740338678,4.860548418109529,4.0212009768056785,0.9788732394366197,0.43626893772667646,0.0,0.5930180346215522,0.0
V4_BREEDING:GW000085000,V4_BREEDING,BREEDING_PARENTAL_CARE,85.0,90.0,1,21.39222476001283,21.39222476001283,6.216424161216184,4.2886820990888,0.965034965034965,0.4363175531228383,0.0,0.5928313035104009,0.0
V4_BREEDING:GW000086000,V4_BREEDING,BREEDING_PARENTAL_CARE,86.0,91.0,1,27.902803523256267,27.902803523256267,9.786153045896546,5.633307214886883,0.9225352112676056,0.436722855023293,0.0,0.5931592147667091,0.0
V4_BREEDING:GW000087000,V4_BREEDING,BREEDING_PARENTAL_CARE,87.0,92.0,1,32.303491392061176,32.303491392061176,7.355765492354682,6.521763699237751,0.9014084507042254,0.43712216701818796,0.0,0.5935595529062765,0.0
V4_BREEDING:GW000088000,V4_BREEDING,BREEDING_PARENTAL_CARE,88.0,93.0,1,33.6656760489429,33.6656760489429,4.292563449600466,6.749245758426441,0.9020979020979021,0.43739944133493636,0.0,0.5939781198898952,0.0
V4_BREEDING:GW000089000,V4_BREEDING,BREEDING_PARENTAL_CARE,89.0,94.0,1,34.87294909514381,34.87294909514381,6.336602462198134,7.0405124552562075,0.8873239436619719,0.4376055746367484,0.0,0.5944427380195031,0.0
V4_BREEDING:GW000090000,V4_BREEDING,BREEDING_PARENTAL_CARE,90.0,95.0,1,34.68939706018705,34.68939706018705,5.397058435524569,7.003455067744041,0.8873239436619719,0.43701064492161174,0.0,0.5948954480511326,0.0
V4_BREEDING:GW000091000,V4_BREEDING,BREEDING_PARENTAL_CARE,91.0,96.0,1,28.965698603599975,28.965698603599975,4.176813484870987,5.807001117576924,0.9300699300699301,0.4359785627435755,0.0,0.5948531601164075,0.0
V4_BREEDING:GW000092000,V4_BREEDING,BREEDING_PARENTAL_CARE,92.0,97.0,1,24.73169980809419,24.73169980809419,3.1304404880147465,4.99309192530492,0.9436619718309859,0.4348951978839081,0.0,0.5946524846803892,0.0
V4_BREEDING:GW000093000,V4_BREEDING,BREEDING_PARENTAL_CARE,93.0,98.0,1,23.71001826636511,23.71001826636511,3.2861254381448197,4.7868242649408845,0.9507042253521126,0.4337021933291062,0.0,0.5942082451773689,0.0
V4_BREEDING:GW000094000,V4_BREEDING,BREEDING_PARENTAL_CARE,94.0,99.0,1,38.87865524922073,38.87865524922073,22.471756327937378,7.794336244804436,0.8881118881118881,0.4315527241539072,0.0,0.5946920848555036,0.0
V4_BREEDING:GW000095000,V4_BREEDING,BREEDING_PARENTAL_CARE,95.0,100.0,1,118.99318604976358,118.99318604976358,83.35788800341,24.023577879470693,0.704225352112676,0.4255770243131197,0.0,0.6006586003136802,0.0
V4_BREEDING:GW000096000,V4_BREEDING,BREEDING_PARENTAL_CARE,96.0,101.0,1,431.52206508465247,431.52206508465247,311.386426235071,87.12014764387922,0.5,0.4381683558572978,0.0,0.6282667498488527,0.0
V4_BREEDING:GW000097000,V4_BREEDING,BREEDING_PARENTAL_CARE,97.0,102.0,1,587.4460086426423,587.4460086426423,149.5492107237604,117.77032121297292,0.3146853146853147,0.5011562429092549,0.0,0.6729635861184862,0.0
V4_BREEDING:GW000098000,V4_BREEDING,BREEDING_PARENTAL_CARE,98.0,103.0,1,610.9783488945629,610.9783488945629,23.644820234274913,123.35064245779978,0.18309859154929578,0.5655323863307358,0.0,0.7178365740742717,0.0
V4_BREEDING:GW000099000,V4_BREEDING,BREEDING_PARENTAL_CARE,99.0,104.0,1,629.5243124036056,629.5243124036056,41.467947829281336,127.09489381789841,0.14084507042253522,0.634579203123257,0.0,0.7652738289399581,0.0
V4_BREEDING:GW000100000,V4_BREEDING,BREEDING_PARENTAL_CARE,100.0,105.0,1,562.1172034472091,562.1172034472091,19.103451797277536,112.69243919501636,0.2517482517482518,0.7083081111863807,0.0,0.8101983108454279,0.0
V4_BREEDING:GW000101000,V4_BREEDING,BREEDING_PARENTAL_CARE,101.0,106.0,1,265.65013886561445,265.65013886561445,23.77008074665341,53.63220375544344,0.33098591549295775,0.7623443543494166,0.0,0.8344117968232482,0.0
V4_BREEDING:GW000102000,V4_BREEDING,BREEDING_PARENTAL_CARE,102.0,107.0,1,130.65429074529143,130.65429074529143,17.768195017406878,26.377842574060008,0.4154929577464789,0.763958386996965,0.0,0.841134992679516,0.0
V4_BREEDING:GW000103000,V4_BREEDING,BREEDING_PARENTAL_CARE,103.0,108.0,1,278.73533821594526,278.73533821594526,170.88503626028947,55.88045510931095,0.34265734265734266,0.748513474508568,0.0,0.8451617436276542,0.0
V4_BREEDING:GW000104000,V4_BREEDING,BREEDING_PARENTAL_CARE,104.0,109.0,1,360.98948935112446,360.98948935112446,119.16406939070811,72.88030011626167,0.28169014084507044,0.7011043201793324,0.0,0.8383015442561436,0.0
V4_BREEDING:GW000105000,V4_BREEDING,BREEDING_PARENTAL_CARE,105.0,110.0,1,534.9958712329537,534.9958712329537,187.88056932122777,108.01051223542366,0.16901408450704225,0.6260650999340421,0.0,0.8076637022978777,0.0
V4_BREEDING:GW000106000,V4_BREEDING,BREEDING_PARENTAL_CARE,106.0,111.0,1,535.9459845785632,535.9459845785632,22.8252661137472,107.44567130937307,0.16783216783216784,0.5537466822950928,0.0,0.7651949225200547,0.0
V4_BREEDING:GW000107000,V4_BREEDING,BREEDING_PARENTAL_CARE,107.0,112.0,1,524.3481018785102,524.3481018785102,8.249305958350213,105.86083018369607,0.24647887323943662,0.48466881016195507,0.0,0.7221453104819451,0.0
V4_BREEDING:GW000108000,V4_BREEDING,BREEDING_PARENTAL_CARE,108.0,113.0,1,369.2197525996873,369.2197525996873,22.362193712106418,74.54191097554111,0.36619718309859156,0.4284580380766542,0.0,0.6785421761599454,0.0
V4_BREEDING:GW000109000,V4_BREEDING,BREEDING_PARENTAL_CARE,109.0,114.0,1,252.9997288811658,252.9997288811658,8.316060767921712,50.72101758930494,0.5174825174825175,0.40431333062825375,0.0,0.6452434107661247,0.0
V4_BREEDING:GW000110000,V4_BREEDING,BREEDING_PARENTAL_CARE,110.0,115.0,1,72.78707034241461,72.78707034241461,8.939046747979068,14.695008269282521,0.676056338028169,0.4033546667832593,0.0,0.6305908213128577,0.0
V4_BREEDING:GW000111000,V4_BREEDING,BREEDING_PARENTAL_CARE,111.0,116.0,1,65.25736690320478,65.25736690320478,15.817291190162381,13.174833686297816,0.7112676056338029,0.4034507560285376,0.0,0.6284277280727466,0.0
V4_BREEDING:GW000112000,V4_BREEDING,BREEDING_PARENTAL_CARE,112.0,117.0,1,67.46766424405098,67.46766424405098,9.602620022124292,13.525819177612886,0.6853146853146853,0.4019537947796009,0.0,0.6270397974385156,0.0
V4_BREEDING:GW000113000,V4_BREEDING,BREEDING_PARENTAL_CARE,113.0,118.0,1,52.359352617405186,52.359352617405186,7.478247319835622,10.57084886185693,0.7394366197183099,0.40084236107228244,0.0,0.627532137023819,0.0
V4_BREEDING:GW000114000,V4_BREEDING,BREEDING_PARENTAL_CARE,114.0,119.0,1,51.74288055159745,51.74288055159745,8.212449318642845,10.446389090881265,0.7394366197183099,0.40000897131877616,0.0,0.627716200668495,0.0
V5_NORMAL:GW000000000,V5_NORMAL,NORMAL,0.0,5.0,4,326.03261208466773,261.49683669465475,43.224644100594,65.39517120572813,0.27112676056338025,0.7845643500070194,0.03522195388797101,0.6592460540520562,0.2875402347111896
V5_NORMAL:GW000001000,V5_NORMAL,NORMAL,1.0,6.0,3,338.1242287408345,298.95452334819055,85.32198556526713,68.30148737066305,0.23877068557919623,0.7776278568172307,0.04321419968219662,0.588103319501653,0.2801226390158471
V5_NORMAL:GW000002000,V5_NORMAL,NORMAL,2.0,7.0,3,292.5792208596052,227.55922532047575,30.486953925468686,58.685136180130655,0.284037558685446,0.7926435711407902,0.041538163738728345,0.6042005926995845,0.2797614900834686
V5_NORMAL:GW000003000,V5_NORMAL,NORMAL,3.0,8.0,3,232.54142482122742,146.91820947065875,30.03903313160342,46.97363820904122,0.3238770685579196,0.831196067254868,0.0068660503470869515,0.4129164668525888,0.3310374365261009
V5_NORMAL:GW000004000,V5_NORMAL,NORMAL,4.0,9.0,3,212.23212839392167,139.3805666798077,41.06944030104247,42.56922730193737,0.3474178403755868,0.8331132836923548,0.006800106577797294,0.4187571372324492,0.3271354689425234
V5_NORMAL:GW000005000,V5_NORMAL,NORMAL,5.0,10.0,2,253.25766532753482,253.25766532753482,62.76840977063294,51.15834287980192,0.35815602836879434,0.8408767822202942,0.0019576143211043062,0.5520189111291524,0.31387737647328584
V5_NORMAL:GW000006000,V5_NORMAL,NORMAL,6.0,11.0,4,130.74331353596023,104.76239976109372,29.364343052017936,26.22431332258241,0.556338028169014,0.7916055986653397,0.08400508001652797,0.5974952340334445,0.295559972253922
V5_NORMAL:GW000007000,V5_NORMAL,NORMAL,7.0,12.0,4,151.77289581732958,125.90407291376029,38.33438861954588,30.658301434002976,0.5141843971631206,0.7937527002862921,0.08549221500282213,0.5892099563084857,0.2930489522631908
V5_NORMAL:GW000008000,V5_NORMAL,NORMAL,8.0,13.0,4,198.59247460714522,158.84745205132324,66.24976821352388,39.833404376525614,0.46654929577464793,0.7942661064765949,0.08551271437927767,0.5828351105113962,0.2881178644354494
V5_NORMAL:GW000009000,V5_NORMAL,NORMAL,9.0,14.0,4,217.41213239254478,178.75772733803967,42.20385398294689,43.91750354636734,0.42021276595744683,0.7933821044057747,0.08450447031528613,0.571827309820014,0.28160880262180976
V5_NORMAL:GW000010000,V5_NORMAL,NORMAL,10.0,15.0,4,228.18820152511444,181.96604914487745,44.44584715511997,45.769674421363916,0.39788732394366194,0.7902039470650377,0.0822108321474923,0.5612433699877944,0.27790516113302677
V5_NORMAL:GW000011000,V5_NORMAL,NORMAL,11.0,16.0,4,233.43105315387714,171.57334748911563,35.37273203803535,47.15334416668095,0.4219858156028368,0.7843988348620599,0.07875980480804001,0.5504742300636333,0.2741282162637415
V5_NORMAL:GW000012000,V5_NORMAL,NORMAL,12.0,17.0,4,228.4869378998216,193.1820828091126,33.785406612005985,45.82959455096209,0.4348591549295775,0.774657525827279,0.07315117903244998,0.5357246043277788,0.27184717042977546
V5_NORMAL:GW000013000,V5_NORMAL,NORMAL,13.0,18.0,4,227.43794396049276,256.7476128451159,30.04635245755409,45.942729140933395,0.375886524822695,0.7682833415521703,0.06864307240294719,0.5895776893523796,0.2705458429347956
V5_NORMAL:GW000014000,V5_NORMAL,NORMAL,14.0,19.0,4,211.91877344981802,240.11146115189365,29.05203301015453,42.50637499987224,0.3838028169014085,0.7632872229133731,0.06624680270115292,0.5755648199599106,0.27397922220515025
V5_NORMAL:GW000015000,V5_NORMAL,NORMAL,15.0,20.0,3,200.62749215203223,214.94166166139507,48.22271421391972,40.52698670089399,0.3687943262411347,0.7435317834218341,0.06816296586961608,0.5448844347831229,0.3124487574402846
V5_NORMAL:GW000016000,V5_NORMAL,NORMAL,16.0,21.0,2,420.23385261715663,420.23385261715663,211.51386489893804,84.28992597588686,0.22183098591549294,0.7774276055656113,0.037720421449843555,0.3753712290337869,0.21845197622384224
V5_NORMAL:GW000017000,V5_NORMAL,NORMAL,17.0,22.0,2,438.942981265178,438.942981265178,70.2945972715227,88.66699261088482,0.2624113475177305,0.7694784853100218,0.048350736764674995,0.4056022384531901,0.24617300706220346
V5_NORMAL:GW000018000,V5_NORMAL,NORMAL,18.0,23.0,2,468.3718388893717,468.3718388893717,71.10632967929934,93.94537680223839,0.3274647887323944,0.7763290025415398,0.0509028283310381,0.43633232204230515,0.27149350764034513
V5_NORMAL:GW000019000,V5_NORMAL,NORMAL,19.0,24.0,2,459.3447571988254,459.3447571988254,35.342702781411,92.78817507231426,0.38652482269503546,0.7861961220631577,0.04400592552664134,0.46498212792294125,0.2945304710785268
V5_NORMAL:GW000020000,V5_NORMAL,NORMAL,20.0,25.0,2,445.56750160416203,445.56750160416203,48.54989727793784,89.37131431362997,0.43309859154929575,0.7976792469169154,0.03429333032705845,0.48009516776024874,0.3061144224413625
V5_NORMAL:GW000021000,V5_NORMAL,NORMAL,21.0,26.0,2,254.11511554370514,254.11511554370514,24.57599495544063,51.33154882049653,0.46099290780141844,0.813539725514085,0.019295387760574212,0.47951094119901383,0.3050299178756459
V5_NORMAL:GW000022000,V5_NORMAL,NORMAL,22.0,27.0,2,211.85469165964412,211.85469165964412,28.419013112799448,42.4935215628713,0.45422535211267606,0.836352078675668,0.0026537208290366987,0.4700863355940038,0.29751612794149174
V5_NORMAL:GW000023000,V5_NORMAL,NORMAL,23.0,28.0,2,176.2199405882779,176.2199405882779,36.51987604495022,35.596632904335856,0.45390070921985815,0.8465590431096969,0.012293117706764556,0.4597362898814845,0.29113358584508087
V5_NORMAL:GW000024000,V5_NORMAL,NORMAL,24.0,29.0,2,190.97550122728603,190.97550122728603,46.50289985498611,38.57727331092668,0.4042553191489362,0.846858388045584,0.013008190768425465,0.4439347249206522,0.27967539785403595
V5_NORMAL:GW000025000,V5_NORMAL,NORMAL,25.0,30.0,2,164.46201258047932,164.46201258047932,22.61145632370183,33.22151777484501,0.4326241134751773,0.8433139743939252,0.010350877130535174,0.434977941834171,0.27254314450940614
V5_NORMAL:GW000026000,V5_NORMAL,NORMAL,26.0,31.0,3,174.87875533339616,106.70816416161259,56.7774312809184,35.32571192334295,0.4444444444444444,0.7230168574666007,0.16751753019171245,0.5723029627136781,0.3014767417302441
V5_NORMAL:GW000027000,V5_NORMAL,NORMAL,27.0,32.0,3,179.02517985363147,113.04578632868594,32.34343169344141,36.16329449782129,0.46808510638297873,0.7218144120558141,0.17019962078417714,0.5602075762522052,0.29999136767173096
V5_NORMAL:GW000028000,V5_NORMAL,NORMAL,28.0,33.0,4,215.9077894210683,176.39832320246677,52.217828053650294,43.61362451690506,0.41312056737588654,0.7390450857334853,0.1527562636013358,0.6068065975281134,0.2790654967923038
V5_NORMAL:GW000029000,V5_NORMAL,NORMAL,29.0,34.0,4,236.51047554228165,185.78101663204032,54.56423797978236,47.43894465385299,0.39964788732394363,0.7395577388209896,0.15564067316003868,0.5887897504376365,0.279717264598417
V5_NORMAL:GW000030000,V5_NORMAL,NORMAL,30.0,35.0,3,301.85960257732427,258.1506730249043,52.845579507218595,60.975990717752985,0.3120567375886525,0.70972590286034,0.17312537588685808,0.7123767851104198,0.17055533910605286
V5_NORMAL:GW000031000,V5_NORMAL,NORMAL,31.0,36.0,4,243.35924535674624,177.6067225337812,40.30383441802074,48.81266144770918,0.36795774647887325,0.7409178393426198,0.1628739899607148,0.5822657681741081,0.26361404372317265
V5_NORMAL:GW000032000,V5_NORMAL,NORMAL,32.0,37.0,4,257.8812391196565,186.93744632615272,48.904386021285816,52.092310162022315,0.3457446808510638,0.7387538726340996,0.16671864653044335,0.5782390772561792,0.2693690465875401
V5_NORMAL:GW000033000,V5_NORMAL,NORMAL,33.0,38.0,4,256.68720182313615,225.04889390611544,55.59431311519032,51.4859645549325,0.32570422535211263,0.732374059487056,0.1730408530506313,0.5775849454052797,0.2717067483218267
V5_NORMAL:GW000034000,V5_NORMAL,NORMAL,34.0,39.0,4,250.63050700150438,221.2862667850587,47.71698644588721,50.627653843129416,0.30851063829787234,0.7223799146676846,0.1802012522495594,0.5848735258088146,0.26739839394641396
V5_NORMAL:GW000035000,V5_NORMAL,NORMAL,35.0,40.0,4,251.62890587013055,245.51373181803646,54.50131214529513,50.471378536248565,0.3045774647887324,0.7100445556196022,0.1879046238370932,0.592173616806944,0.25989732390044634
V5_NORMAL:GW000036000,V5_NORMAL,NORMAL,36.0,41.0,3,242.5039680122488,188.21750308326438,58.272673188669295,48.98608351790052,0.3404255319148936,0.6567111804265185,0.2105322574382673,0.7199950645227388,0.15390910613711686
V5_NORMAL:GW000037000,V5_NORMAL,NORMAL,37.0,42.0,3,281.6059267718999,148.4191341058907,81.91836630078122,56.48412800193638,0.34976525821596244,0.6354620731238163,0.2131805185278049,0.7151345927954275,0.1575159368139075
V5_NORMAL:GW000038000,V5_NORMAL,NORMAL,38.0,43.0,3,315.5501180989016,152.2264798682816,68.76542768845418,63.74149077220617,0.33569739952718675,0.6185424305090509,0.21619516550782011,0.7147190647785653,0.1540777375620082
V5_NORMAL:GW000039000,V5_NORMAL,NORMAL,39.0,44.0,3,385.6096253817034,271.84839222212054,125.13633669978238,77.34504627980125,0.3192488262910798,0.6052844649335628,0.2256228964920502,0.7109824447087196,0.1469489802651604
V5_NORMAL:GW000040000,V5_NORMAL,NORMAL,40.0,45.0,3,416.9884025708587,382.86861803307534,68.88567280819113,84.23214218622748,0.28368794326241137,0.6061865893981079,0.23086456943195324,0.7094535588378639,0.13795211497678087
V5_NORMAL:GW000041000,V5_NORMAL,NORMAL,41.0,46.0,4,373.23117455992747,344.88124545458095,63.57578031397617,74.86219370387106,0.24471830985915494,0.6682188949593296,0.2220443687093273,0.5829124868749739,0.2518857568355638
V5_NORMAL:GW000042000,V5_NORMAL,NORMAL,42.0,47.0,4,249.68439574234765,252.73006303124384,21.71509210142231,50.43653826865808,0.36170212765957444,0.6812902138056889,0.22504430180833393,0.5495312877733943,0.2646945485384196
V5_NORMAL:GW000043000,V5_NORMAL,NORMAL,43.0,48.0,4,230.97883993142855,226.6003980342934,26.337320673617803,46.32941682009925,0.39612676056338025,0.6832172597830113,0.22072208308994684,0.5537911940392082,0.26357914055762194
V5_NORMAL:GW000044000,V5_NORMAL,NORMAL,44.0,49.0,3,234.50558399572128,244.5303101879001,41.978451030382566,47.370400646179206,0.3191489361702127,0.6418020820393808,0.22545536708293343,0.6153322174095771,0.2888660485073502
V5_NORMAL:GW000045000,V5_NORMAL,NORMAL,45.0,50.0,2,222.79898950186964,222.79898950186964,64.77812057274929,44.68871371418012,0.36267605633802813,0.563452151049545,0.2337213152216309,0.8312080759268541,0.04930717336547963
V5_NORMAL:GW000046000,V5_NORMAL,NORMAL,46.0,51.0,2,208.19719926931208,208.19719926931208,36.60806782786521,42.056076340509364,0.3936170212765957,0.5662481198288465,0.2420649470297943,0.845173441104486,0.04132443490162707
V5_NORMAL:GW000047000,V5_NORMAL,NORMAL,47.0,52.0,3,249.41111311775535,231.51819735647177,77.14095959612278,50.02653672790044,0.352112676056338,0.6564898793791835,0.2457500253723915,0.617531236283707,0.3302159409760061
V5_NORMAL:GW000048000,V5_NORMAL,NORMAL,48.0,53.0,2,356.05361461181366,356.05361461181366,145.46675828243147,71.92324416458128,0.2801418439716312,0.8341778202235979,0.0056410619350665825,0.4791554318347448,0.3230276853265897
V5_NORMAL:GW000049000,V5_NORMAL,NORMAL,49.0,54.0,3,325.03997049837176,272.07923684605,52.28949308078926,65.19606852680705,0.26291079812206575,0.8098017156077802,0.045355502314939226,0.570326142447256,0.28865295496029697
V5_NORMAL:GW000050000,V5_NORMAL,NORMAL,50.0,55.0,3,299.18287488482787,283.3425248062562,58.43364174370231,60.435288611416205,0.30023640661938533,0.8002843210954621,0.06555700490271599,0.5580469500570789,0.2801444110316371
V5_NORMAL:GW000051000,V5_NORMAL,NORMAL,51.0,56.0,3,387.7594542993299,284.48284705864455,123.4564867636277,77.77625599600846,0.25352112676056343,0.7743154703968703,0.081633361378685,0.541539221071141,0.2641199033150963
V5_NORMAL:GW000052000,V5_NORMAL,NORMAL,52.0,57.0,2,469.70903234443756,469.70903234443756,52.223149689998266,94.88177070312842,0.18439716312056736,0.7124678140514893,0.09999098318843208,0.6906732285526436,0.11762039258446494
V5_NORMAL:GW000053000,V5_NORMAL,NORMAL,53.0,58.0,3,319.0000961158346,326.8686361820329,69.89502743086858,64.43839034320224,0.2576832151300236,0.5560942626521808,0.2027050740518079,0.734872975931481,0.13159944466981616
V5_NORMAL:GW000054000,V5_NORMAL,NORMAL,54.0,59.0,2,297.20468594017683,297.20468594017683,29.83194625222808,60.03569214439263,0.3120567375886525,0.5532593896411395,0.2426795575260557,0.7072933812376478,0.14967665227366167
V5_NORMAL:GW000055000,V5_NORMAL,NORMAL,55.0,60.0,2,276.5933548400328,276.5933548400328,28.25817946329159,55.872179295663656,0.3546099290780142,0.5505267908035869,0.24029209543841548,0.7168896814467203,0.14732357330725232
V5_NORMAL:GW000056000,V5_NORMAL,NORMAL,56.0,61.0,2,239.87122747080844,239.87122747080844,63.1763595410747,48.45426686722474,0.3900709219858156,0.5617572998217014,0.2520257841253505,0.7196400408173951,0.14867119612828106
V5_NORMAL:GW000057000,V5_NORMAL,NORMAL,57.0,62.0,3,285.04099691887285,332.76740145945246,85.45353709168404,57.578612818361684,0.3333333333333333,0.6626475193690806,0.2532171954893511,0.5899747135213843,0.21812386142557494
V5_NORMAL:GW000058000,V5_NORMAL,NORMAL,58.0,63.0,1,358.105866246396,358.105866246396,93.07235738439266,71.82838024460276,0.176056338028169,0.864847906374987,0.0,0.5329056199613986,0.0
V5_NORMAL:GW000059000,V5_NORMAL,NORMAL,59.0,64.0,1,373.54246865268726,373.54246865268726,46.06977228215157,75.45601301657476,0.19858156028368795,0.8737930136667171,0.0,0.48441593202067096,0.0
V5_NORMAL:GW000060000,V5_NORMAL,NORMAL,60.0,65.0,1,367.3800232704365,367.3800232704365,41.22049228046143,73.68857785642442,0.20422535211267606,0.8792683479113457,0.0,0.43912148175539667,0.0
V5_NORMAL:GW000061000,V5_NORMAL,NORMAL,61.0,66.0,1,265.7896556031551,265.7896556031551,15.857714885695648,53.689819487458905,0.3120567375886525,0.8825697155625606,0.0,0.40583118301042365,0.0
V5_NORMAL:GW000062000,V5_NORMAL,NORMAL,62.0,67.0,1,305.7502810294641,305.7502810294641,102.25894777788501,61.326969244808936,0.2676056338028169,0.8812451298142369,0.0,0.39019689926734336,0.0
V5_NORMAL:GW000063000,V5_NORMAL,NORMAL,63.0,68.0,2,278.65469134241295,278.65469134241295,34.52363285589617,56.28857166603106,0.2978723404255319,0.7802976872439675,0.09813197162789361,0.6075314433641836,0.21105120878824046
V5_NORMAL:GW000064000,V5_NORMAL,NORMAL,64.0,69.0,2,199.63679287674745,199.63679287674745,17.189485035737977,40.04287229323872,0.3838028169014085,0.7777382263770469,0.10022122331988287,0.6286365732029602,0.20957475629719816
V5_NORMAL:GW000065000,V5_NORMAL,NORMAL,65.0,70.0,2,155.1520559951527,155.1520559951527,25.891488856818157,31.340895719152286,0.4078014184397163,0.744618146632199,0.06985221502366762,0.542474198740133,0.3075451652139006
V5_NORMAL:GW000066000,V5_NORMAL,NORMAL,66.0,71.0,1,155.1588975369545,155.1588975369545,43.05049547213467,31.121557452928357,0.39436619718309857,0.6741405762714662,0.0,0.8588689875769449,0.0
V5_NORMAL:GW000069000,V5_NORMAL,NORMAL,69.0,74.0,1,117.39173766196541,117.39173766196541,20.371030818387627,23.713267508802083,0.49645390070921985,0.8476672003526642,0.0,0.13452868070191054,0.0
V5_NORMAL:GW000070000,V5_NORMAL,NORMAL,70.0,75.0,2,273.27852565977383,273.27852565977383,31.675515919663656,54.81382938381873,0.3380281690140845,0.8249632540838423,0.025365103319252624,0.2828582837760865,0.146749223872915
V5_NORMAL:GW000071000,V5_NORMAL,NORMAL,71.0,76.0,3,316.0917368191792,360.6331181761507,85.68418516550969,63.85089838348725,0.3238770685579196,0.806986970334359,0.012913862491671507,0.4842703153130034,0.26892041056483434
V5_NORMAL:GW000072000,V5_NORMAL,NORMAL,72.0,77.0,3,342.84104699235644,148.26258137881297,125.67778531977821,68.7665838734989,0.3568075117370892,0.7885676276526343,0.05417749333671103,0.5265516590266239,0.305189859972961
V5_NORMAL:GW000073000,V5_NORMAL,NORMAL,73.0,78.0,1,658.7346161542375,658.7346161542375,50.11885527207367,133.06515842839158,0.15602836879432624,0.8570618521999304,0.0,0.5213977251254337,0.0
V5_NORMAL:GW000074000,V5_NORMAL,NORMAL,74.0,79.0,1,766.2076007468879,766.2076007468879,187.33469096553043,153.68486271845848,0.14084507042253522,0.8465509327975187,0.0,0.6177517920940906,0.0
V5_NORMAL:GW000075000,V5_NORMAL,NORMAL,75.0,80.0,1,768.7028845278139,768.7028845278139,43.52662171713253,155.27887650905745,0.20567375886524822,0.830408019079289,0.0,0.7115662270028826,0.0
V5_NORMAL:GW000076000,V5_NORMAL,NORMAL,76.0,81.0,2,555.7606605609667,555.7606605609667,83.42203626868243,111.47370600262141,0.17253521126760563,0.8310580751556895,0.017749671224669694,0.49352577600654185,0.2955301001251161
V5_NORMAL:GW000077000,V5_NORMAL,NORMAL,77.0,82.0,2,472.69291132860974,472.69291132860974,116.15167985369982,95.4845177275345,0.17375886524822695,0.8237976056309373,0.017118084374727782,0.5343074328252967,0.2973985934131582
V5_NORMAL:GW000078000,V5_NORMAL,NORMAL,78.0,83.0,1,437.2331377047998,437.2331377047998,30.305097391043013,87.69961910926236,0.21830985915492956,0.8033915984324921,0.0,0.8502223026502381,0.0
V5_NORMAL:GW000079000,V5_NORMAL,NORMAL,79.0,84.0,2,425.4774181202378,425.4774181202378,69.33769724456974,85.94693319808292,0.19148936170212766,0.637064167255527,0.17767337006582337,0.899312734687832,0.04680624973606068
V5_NORMAL:GW000080000,V5_NORMAL,NORMAL,80.0,85.0,2,373.7261422284008,373.7261422284008,55.162865857027526,75.49311529244194,0.18085106382978722,0.634011375064581,0.20056446986578996,0.8962152710263158,0.04905689526611651
V5_NORMAL:GW000081000,V5_NORMAL,NORMAL,81.0,86.0,2,300.092988934417,300.092988934417,37.87808649283078,60.61913270769796,0.2730496453900709,0.6350182314993631,0.21497747920488536,0.8942086905660764,0.053239291738456374
V5_NORMAL:GW000082000,V5_NORMAL,NORMAL,82.0,87.0,2,265.9148573489625,265.9148573489625,26.608424626809278,53.71511038569432,0.32269503546099293,0.6254419674615905,0.22747078896128525,0.8846988179314305,0.05771026359477516
V5_NORMAL:GW000083000,V5_NORMAL,NORMAL,83.0,88.0,2,211.75480371374,211.75480371374,17.684088461047637,42.774716575004405,0.4042553191489362,0.6078913037299364,0.24813584093943084,0.8724898026023111,0.0636943229487244
V5_NORMAL:GW000084000,V5_NORMAL,NORMAL,84.0,89.0,3,243.06437962758318,218.43583821637037,27.151807751255348,49.09928731583515,0.3498817966903074,0.635932422020066,0.22111134581501096,0.8770302311915187,0.06347574108494462
V5_NORMAL:GW000085000,V5_NORMAL,NORMAL,85.0,90.0,3,199.40596293329358,182.25047155429584,18.919977143307335,39.99657274186844,0.43896713615023475,0.6315163261499531,0.22457944729424584,0.8686288442367162,0.0679707725322316
V5_NORMAL:GW000086000,V5_NORMAL,NORMAL,86.0,91.0,3,136.63132283886674,140.2075080936569,17.171054810701353,27.59968608599354,0.4846335697399527,0.6214789537943212,0.22448346082522386,0.864015540326705,0.06979349345888355
V5_NORMAL:GW000087000,V5_NORMAL,NORMAL,87.0,92.0,3,141.39815005145985,174.4779187675442,36.55145629522216,28.361445720611346,0.5070422535211268,0.6147293182705017,0.22603956113327117,0.8598367509308393,0.07184681397427617
V5_NORMAL:GW000088000,V5_NORMAL,NORMAL,88.0,93.0,2,144.8999278908604,144.8999278908604,46.62966014075064,29.26995392108812,0.5425531914893618,0.5795497115509051,0.27246599597550336,0.84465559704203,0.08805924502896595
V5_NORMAL:GW000089000,V5_NORMAL,NORMAL,89.0,94.0,2,230.42345212465776,230.42345212465776,104.56926336770825,46.21801790059564,0.4823943661971831,0.5709129065622538,0.27183906237284344,0.8455412107747753,0.08750631092311617
V5_NORMAL:GW000090000,V5_NORMAL,NORMAL,90.0,95.0,2,240.59621013485685,240.59621013485685,23.880005582155313,48.600714208360756,0.45390070921985815,0.5603946505298076,0.27064566962036163,0.8409135382779886,0.09250290318274157
V5_NORMAL:GW000091000,V5_NORMAL,NORMAL,91.0,96.0,2,244.87509649452244,244.87509649452244,21.47150541473158,49.11670877611566,0.44014084507042256,0.5496766241558226,0.268015478485392,0.8348339114155803,0.09926974990151155
V5_NORMAL:GW000092000,V5_NORMAL,NORMAL,92.0,97.0,2,267.75901584420916,267.75901584420916,64.74154956167332,54.087632546091214,0.3900709219858156,0.5412025081439757,0.26535944991828125,0.823761004461369,0.10862634517777131
V5_NORMAL:GW000093000,V5_NORMAL,NORMAL,93.0,98.0,2,249.839631152869,249.839631152869,28.163494895894136,50.11248828376448,0.4225352112676056,0.5376811008075456,0.2667975358473949,0.8100126153105623,0.11973709993429116
V5_NORMAL:GW000094000,V5_NORMAL,NORMAL,94.0,99.0,3,220.3151886497219,223.4444107538813,33.29334172079502,44.503924285940435,0.3782505910165484,0.6129751570907557,0.24456656341960972,0.8050381343129654,0.10860522385054182
V5_NORMAL:GW000095000,V5_NORMAL,NORMAL,95.0,100.0,4,230.82080865613582,235.30859043626268,24.434813402353175,46.29771912508156,0.3485915492957747,0.6808208232715135,0.24124364540630833,0.624520230960179,0.2941285705447974
V5_NORMAL:GW000096000,V5_NORMAL,NORMAL,96.0,101.0,4,219.30386548214562,192.98479961630753,31.60097115640776,44.29963583014107,0.38120567375886527,0.6876497620707946,0.24665112347335805,0.6080700358349672,0.2859869487944125
V5_NORMAL:GW000097000,V5_NORMAL,NORMAL,97.0,102.0,4,212.3589059765367,145.6471827320682,64.5178104048735,42.59465617442617,0.43838028169014087,0.6914212571157442,0.25137540287905813,0.5919884403008264,0.2739202618259011
V5_NORMAL:GW000098000,V5_NORMAL,NORMAL,98.0,103.0,4,216.44871565940642,113.33504205199024,52.1642534596635,43.72289224602859,0.4680851063829787,0.6890505945738492,0.25323785210479527,0.5720606003428849,0.2648207184616318
V5_NORMAL:GW000099000,V5_NORMAL,NORMAL,99.0,104.0,4,223.75864439469106,109.31776331880415,42.46829214609427,44.88119996766571,0.47183098591549294,0.6869145237760388,0.2554325400178363,0.5559020427557138,0.263192266158559
V5_NORMAL:GW000100000,V5_NORMAL,NORMAL,100.0,105.0,4,226.05381499506905,118.01704896154553,26.797088019557,45.66313348047596,0.4804964539007093,0.6845052296566851,0.25663493222294237,0.5437451830212499,0.26481194898261495
V5_NORMAL:GW000101000,V5_NORMAL,NORMAL,101.0,106.0,4,264.98556796787284,181.07794561395957,70.77075433471171,53.15043937937683,0.4524647887323944,0.6823959669311007,0.2576103913200159,0.5355611091518736,0.26954030361405423
V5_NORMAL:GW000102000,V5_NORMAL,NORMAL,102.0,107.0,4,260.28820326101425,210.61118536456112,62.259648604291556,52.57851971735203,0.42730496453900707,0.6824974856326278,0.25876467495587807,0.5399492142380964,0.2746925459853191
V5_NORMAL:GW000103000,V5_NORMAL,NORMAL,103.0,108.0,4,229.75730481190564,213.03970906112465,20.423390185783603,46.0844029922971,0.4524647887323944,0.6835349052380293,0.2592921080917102,0.5561766454910898,0.27981540782616365
V5_NORMAL:GW000104000,V5_NORMAL,NORMAL,104.0,109.0,3,285.5626642376715,324.0893225476208,59.05613527477224,57.683990223343585,0.42553191489361697,0.6320805889153519,0.28077135157429917,0.7098100505244563,0.17198338912126293
V5_NORMAL:GW000105000,V5_NORMAL,NORMAL,105.0,110.0,3,287.882452608703,309.9507757882956,34.00993871426042,57.74306488880253,0.4225352112676057,0.6370194533858636,0.28379663892329143,0.7187456880138194,0.1815020708905195
V5_NORMAL:GW000106000,V5_NORMAL,NORMAL,106.0,111.0,3,234.67878875311507,175.86822010717685,37.92264563412513,47.405388208571765,0.458628841607565,0.639851965852,0.2854230961910473,0.7285400807297845,0.17969621159521323
V5_NORMAL:GW000107000,V5_NORMAL,NORMAL,107.0,112.0,3,202.19610132059998,151.64589867269973,47.348970252329885,40.556214847481094,0.4859154929577465,0.6411267026598915,0.28634777666327077,0.7264049370527824,0.1810370407062569
V5_NORMAL:GW000108000,V5_NORMAL,NORMAL,108.0,113.0,3,229.40763800739907,184.75101278646383,45.875021979730434,46.34060962873414,0.3995271867612293,0.6408188960735041,0.2868613996524237,0.7145812829615364,0.18882807862161957
V5_NORMAL:GW000109000,V5_NORMAL,NORMAL,109.0,114.0,4,256.5620648788766,278.91353570940703,58.286397797083765,51.82583543147109,0.3457446808510638,0.6866697479021941,0.26207337394830105,0.5539423191191917,0.3142858118345161
V5_NORMAL:GW000110000,V5_NORMAL,NORMAL,110.0,115.0,3,316.5645607094523,378.2623974752922,127.57647268415344,63.94640935911425,0.3238770685579196,0.6279875025316396,0.28437320602043703,0.7002841078899276,0.18664739463728242
V5_NORMAL:GW000111000,V5_NORMAL,NORMAL,111.0,116.0,3,349.0491001233251,332.6370364903745,67.95449372613969,70.5083240931781,0.2624113475177305,0.6235320270994272,0.2875013261200664,0.6873222041857634,0.18293405843237343
V5_NORMAL:GW000112000,V5_NORMAL,NORMAL,112.0,117.0,3,328.6177083234112,296.6592935184418,26.087979861507566,66.38115919232558,0.2576832151300236,0.6166794592692445,0.29014808369210393,0.680218803546798,0.17698951378095334
V5_NORMAL:GW000113000,V5_NORMAL,NORMAL,113.0,118.0,3,312.0197056407839,252.31572195336864,31.093812964313333,63.028343350564235,0.2765957446808511,0.6108642631759853,0.2940803540656904,0.6762253462708614,0.1686682546686264
V5_NORMAL:GW000114000,V5_NORMAL,NORMAL,114.0,119.0,3,325.89726380373475,286.5311825676489,63.85106397650227,65.3680232344028,0.28638497652582157,0.6116195776245811,0.2997947013399734,0.6708076322551096,0.16233531363347198
V8_PAIR_T1:GW000000000,V8_PAIR_T1,PAIR_T1,0.0,5.0,1,417.0206308073598,417.0206308073598,57.502914108271874,83.58174593163955,0.20689655172413793,0.7502346006214109,0.0,0.8421806382317828,0.0
V8_PAIR_T1:GW000001000,V8_PAIR_T1,PAIR_T1,1.0,6.0,1,323.4071263434351,323.4071263434351,13.110050465602216,65.38281762860852,0.3652173913043478,0.7476356983184813,0.0,0.8228700080822255,0.0
V8_PAIR_T1:GW000002000,V8_PAIR_T1,PAIR_T1,2.0,7.0,1,321.63820409868947,321.63820409868947,11.854093655385384,65.0251968122862,0.40869565217391307,0.7569586997744682,0.0,0.8034989930432419,0.0
V8_PAIR_T1:GW000003000,V8_PAIR_T1,PAIR_T1,3.0,8.0,1,335.20613809515373,335.20613809515373,115.98780963872456,67.76820920078184,0.3826086956521739,0.7594899476259604,0.0,0.7841616928577424,0.0
V8_PAIR_T1:GW000017000,V8_PAIR_T1,PAIR_T1,17.0,22.0,1,225.86148724497951,225.86148724497951,13.971414915333428,45.662136752616746,0.4260869565217391,0.8240266956132035,0.0,0.06631466783543018,0.0
V8_PAIR_T1:GW000018000,V8_PAIR_T1,PAIR_T1,18.0,23.0,1,121.67351070229435,121.67351070229435,41.0574605120621,24.59858275365468,0.4956521739130435,0.8289880579915541,0.0,0.05902503273762951,0.0
V8_PAIR_T1:GW000019000,V8_PAIR_T1,PAIR_T1,19.0,24.0,1,90.54742935253267,90.54742935253267,6.892440410066899,18.305861491156733,0.6,0.8251976986041012,0.0,0.06643953273466238,0.0
V8_PAIR_T1:GW000020000,V8_PAIR_T1,PAIR_T1,20.0,25.0,1,91.62109925746971,91.62109925746971,16.29275529760536,18.363243624876784,0.6293103448275862,0.8218967573595183,0.0,0.07409002669434195,0.0
V8_PAIR_T1:GW000021000,V8_PAIR_T1,PAIR_T1,21.0,26.0,1,147.7659332561104,147.7659332561104,62.239743159178765,29.873655460349095,0.5130434782608696,0.8236632464946003,0.0,0.07481692900398444,0.0
V8_PAIR_T1:GW000039000,V8_PAIR_T1,PAIR_T1,39.0,44.0,1,458.5769104464172,458.5769104464172,209.50815756323928,92.70992523698696,0.30434782608695654,0.8219074515090591,0.0,0.07396512391510827,0.0
V8_PAIR_T1:GW000040000,V8_PAIR_T1,PAIR_T1,40.0,45.0,1,480.77556947465314,480.77556947465314,39.58723899568187,96.3598885267922,0.28448275862068967,0.8171125865729784,0.0,0.11606280004754384,0.0
V8_PAIR_T1:GW000041000,V8_PAIR_T1,PAIR_T1,41.0,46.0,1,492.87169439063473,492.87169439063473,43.00315385774781,99.64325917303745,0.22608695652173913,0.8132182940669445,0.0,0.15323455001326408,0.0
V8_PAIR_T1:GW000042000,V8_PAIR_T1,PAIR_T1,42.0,47.0,1,505.2576867206207,505.2576867206207,47.91678284012768,102.14731988071894,0.26956521739130435,0.8150783037317211,0.0,0.18506946689853188,0.0
V8_PAIR_T1:GW000043000,V8_PAIR_T1,PAIR_T1,43.0,48.0,1,437.34741299423496,437.34741299423496,72.45333262289246,88.41798406686857,0.24347826086956523,0.8194254299689983,0.0,0.20146856508378322,0.0
V8_PAIR_T1:GW000044000,V8_PAIR_T1,PAIR_T1,44.0,49.0,1,275.0541468334369,275.0541468334369,55.79664645868311,55.1279819743397,0.27586206896551724,0.8273464643038235,0.0,0.19093666513506158,0.0
V8_PAIR_T1:GW000045000,V8_PAIR_T1,PAIR_T1,45.0,50.0,1,292.68870976360756,292.68870976360756,52.39468808521899,59.172513447043094,0.23478260869565218,0.839940594804698,0.0,0.1619304792521971,0.0
V8_PAIR_T1:GW000046000,V8_PAIR_T1,PAIR_T1,46.0,51.0,1,269.05107441363367,269.05107441363367,18.326470866075542,54.3937220248104,0.3217391304347826,0.849764624409292,0.0,0.13225702464335656,0.0
V8_PAIR_T1:GW000047000,V8_PAIR_T1,PAIR_T1,47.0,52.0,1,222.777479981132,222.777479981132,13.296401826496336,45.038646829010595,0.3391304347826087,0.8557975656684789,0.0,0.1058644692780819,0.0
V8_PAIR_T1:GW000048000,V8_PAIR_T1,PAIR_T1,48.0,53.0,1,286.6800471340456,286.6800471340456,136.03387639969856,57.45811380323946,0.31896551724137934,0.8576462873366483,0.0,0.1025744352376279,0.0
V8_PAIR_T1:GW000049000,V8_PAIR_T1,PAIR_T1,49.0,54.0,1,235.60403685870688,235.60403685870688,10.002002251262386,47.631775924870134,0.4260869565217391,0.8555607869707306,0.0,0.10375974434407839,0.0
V8_PAIR_T1:GW000050000,V8_PAIR_T1,PAIR_T1,50.0,55.0,1,369.1254523935558,369.1254523935558,183.85733795768195,74.62563490421118,0.391304347826087,0.8471077551786927,0.0,0.11553325292409457,0.0
V8_PAIR_T1:GW000051000,V8_PAIR_T1,PAIR_T1,51.0,56.0,1,447.1829421286973,447.1829421286973,93.8109778952374,90.40642079351198,0.30434782608695654,0.8350958640548004,0.0,0.13624331090149688,0.0
V8_PAIR_T1:GW000052000,V8_PAIR_T1,PAIR_T1,52.0,57.0,1,443.7998118013209,443.7998118013209,11.858860549055487,88.94898806966319,0.3448275862068966,0.8276147005564806,0.0,0.15230044847051805,0.0
V8_PAIR_T1:GW000053000,V8_PAIR_T1,PAIR_T1,53.0,58.0,1,320.05613130717785,320.05613130717785,12.758018934120075,64.70535111818502,0.48695652173913045,0.822892113115596,0.0,0.15897572287197764,0.0
V8_PAIR_T1:GW000054000,V8_PAIR_T1,PAIR_T1,54.0,59.0,1,316.87082379555835,316.87082379555835,9.907089509197576,64.06138144912444,0.4782608695652174,0.8187140505889366,0.0,0.16329324268575363,0.0
