trajectory_uid,video_id,pred_track_id,trajectory_segment_id,points,observed_points,interpolated_points,duration_sec,mean_raw_step_px,mean_clean_step_px,max_clean_step_px
V3_FEEDING:T101:S0,V3_FEEDING,101,0,22,22,0,0.7383445271261024,1.928686892746713,1.0990667951661077,2.528716725662932
V3_FEEDING:T101:S1,V3_FEEDING,101,1,26,26,0,0.878981579912022,1.8992569936837804,1.2254950319389388,3.9334716796875
V3_FEEDING:T102:S0,V3_FEEDING,102,0,293,293,0,10.266504853372432,4.474652991447684,4.191790864188302,21.989729068454526
V3_FEEDING:T102:S1,V3_FEEDING,102,1,32,31,1,1.0899371590909084,7.0913763548093485,3.8866358972712427,20.455751820550233
V3_FEEDING:T103:S0,V3_FEEDING,103,0,140,140,0,4.8871375843108495,3.6968382552839203,3.147098709031915,14.807591392452105
V3_FEEDING:T104:S0,V3_FEEDING,104,0,144,144,0,5.027774637096776,1.9273607496949432,1.5299822704389314,6.807391050493681
V3_FEEDING:T105:S0,V3_FEEDING,105,0,110,110,0,3.8323596884164246,3.8324041700746325,2.9754870031202216,13.514356716359272
V3_FEEDING:T107:S0,V3_FEEDING,107,0,207,207,0,7.242808218475069,5.233899550913324,4.884035291962495,17.130542965785352
V3_FEEDING:T112:S0,V3_FEEDING,112,0,9,9,0,0.2812741055718533,5.608581786396686,3.5520295987556016,5.057624459491612
V3_FEEDING:T112:S1,V3_FEEDING,112,1,29,29,0,0.9844593695014723,2.5291699137055423,2.00671364494356,4.345786980344982
V3_FEEDING:T112:S2,V3_FEEDING,112,2,103,103,0,3.5862448460410548,3.7438682120727957,3.453391531766628,23.84867157106546
V3_FEEDING:T112:S3,V3_FEEDING,112,3,41,41,0,1.406370527859238,4.214141008169037,3.848053658696192,13.983523511572415
V3_FEEDING:T113:S0,V3_FEEDING,113,0,45,45,0,1.5470075806451646,5.793183708687414,5.3673883932520585,14.939770941440203
V3_FEEDING:T113:S1,V3_FEEDING,113,1,23,23,0,0.7735037903225859,9.533434626593303,6.5599396748567695,18.408372642542254
V3_FEEDING:T113:S2,V3_FEEDING,113,2,329,329,0,11.532238328445743,5.354331386117372,5.063257735691805,25.149264073575456
V3_FEEDING:T114:S0,V3_FEEDING,114,0,6,6,0,0.17579631598241008,5.348348394445265,3.551624811665133,6.343935067905765
V3_FEEDING:T114:S1,V3_FEEDING,114,1,85,85,0,2.9533781085043955,2.539403803892242,1.9820036733105144,7.691372206560762
V3_FEEDING:T115:S0,V3_FEEDING,115,0,22,22,0,0.7383445271261024,3.392206536879349,2.819851099083369,6.827111929216424
V3_FEEDING:T116:S0,V3_FEEDING,116,0,8,8,0,0.24611484237536985,2.0964134360395033,0.5125978140712261,1.4711040031071196
V3_FEEDING:T120:S0,V3_FEEDING,120,0,8,8,0,0.24611484237536985,4.0404864875256346,2.793288859537284,8.005183349809066
V3_FEEDING:T120:S1,V3_FEEDING,120,1,48,48,0,1.6524853702346078,2.623614792749294,2.1319051627492245,7.82192298970159
V3_FEEDING:T120:S2,V3_FEEDING,120,2,147,147,0,5.133252426686212,2.8919107359729197,2.728100524697752,10.26056812762892
V3_FEEDING:T120:S4,V3_FEEDING,120,4,39,39,0,1.3360520014662782,1.4702050117150995,0.9390349874283094,3.137339305130095
V3_FEEDING:T120:S5,V3_FEEDING,120,5,9,9,0,0.2812741055718462,2.6883066806499496,1.9339766162081238,3.8615221049665016
V3_FEEDING:T122:S0,V3_FEEDING,122,0,55,55,0,1.8986002126099706,3.981019731245163,3.7564340152047797,8.860052525897721
V3_FEEDING:T123:S0,V3_FEEDING,123,0,26,26,0,0.878981579912022,2.2713018108172607,1.6228893192706035,6.637512902855932
V3_FEEDING:T123:S1,V3_FEEDING,123,1,25,25,0,0.8438223167155385,2.7710440467570527,2.171341984997486,5.630096800873804
V3_FEEDING:T123:S2,V3_FEEDING,123,2,51,51,0,1.757963159824051,4.67763652603259,3.877342217593441,18.705763343054745
V3_FEEDING:T123:S3,V3_FEEDING,123,3,916,915,1,32.170725824780064,2.7351480308259326,2.286422080658624,16.600987355675862
V3_FEEDING:T123:S4,V3_FEEDING,123,4,52,52,0,1.7931224230205345,1.482669684146164,0.8959763678303312,3.7567147299101618
V3_FEEDING:T125:S0,V3_FEEDING,125,0,18,18,0,0.5977074743401758,2.6000027683808087,1.6864468392916205,4.341286492390677
V3_FEEDING:T126:S0,V3_FEEDING,126,0,37,37,0,1.2657334750733114,1.8033984977556596,1.4295389860329972,4.837504144307636
V3_FEEDING:T128:S0,V3_FEEDING,128,0,129,129,0,4.500385689149553,1.4748682264945983,1.1497123080417895,7.967550599844267
V3_FEEDING:T12:S0,V3_FEEDING,12,0,31,31,0,1.054777895894428,3.6611669538203424,2.69766680525155,6.631195068359375
V3_FEEDING:T12:S1,V3_FEEDING,12,1,5,5,0,0.14063705278592398,3.2506420829829,0.8875582117644636,0.937219139221255
V3_FEEDING:T131:S0,V3_FEEDING,131,0,426,426,0,14.942686858504395,1.1528864440900104,0.8022707112103589,4.066275815882711
V3_FEEDING:T132:S0,V3_FEEDING,132,0,74,74,0,2.5666262133431132,2.456044134563413,2.164722175745044,7.495939535512234
V3_FEEDING:T133:S1,V3_FEEDING,133,1,302,302,0,10.582938222140768,4.264600431500967,4.0750091112571605,19.022398065618756
V3_FEEDING:T134:S0,V3_FEEDING,134,0,150,150,0,5.238730216275663,3.823432406830955,3.5862361968827137,17.97301584438714
V3_FEEDING:T134:S1,V3_FEEDING,134,1,24,21,3,0.8086630535190551,5.8788984613090385,4.115195758888666,8.451194685861
V3_FEEDING:T134:S2,V3_FEEDING,134,2,96,95,1,3.340130003665692,4.7518227074257675,4.232639212556022,17.147470102036714
V3_FEEDING:T135:S0,V3_FEEDING,135,0,211,211,0,7.383445271261003,4.645846973925886,4.09405754979666,21.23323095675729
V3_FEEDING:T135:S1,V3_FEEDING,135,1,19,19,0,0.6328667375366592,8.885841189545362,7.012023666110112,13.585991670156558
V3_FEEDING:T135:S2,V3_FEEDING,135,2,505,505,0,17.720268651026387,4.719029501367305,4.398091476899398,30.275317210084197
V3_FEEDING:T136:S0,V3_FEEDING,136,0,14,14,0,0.45707042155424915,2.605705464555541,2.015779618240182,5.1802492730702845
V3_FEEDING:T136:S1,V3_FEEDING,136,1,30,27,3,1.0196186326979557,6.095515606543686,5.578904812818234,9.828569480737377
V3_FEEDING:T136:S2,V3_FEEDING,136,2,23,23,0,0.7735037903225788,3.0959453887543713,2.4622580854857574,5.220733642578125
V3_FEEDING:T137:S0,V3_FEEDING,137,0,281,280,1,9.844593695014652,2.641071253919038,2.292690875370699,13.258195575774298
V3_FEEDING:T13:S1,V3_FEEDING,13,1,12,12,0,0.38675189516129027,6.298185772857225,3.140027330103801,5.925820018745847
V3_FEEDING:T140:S0,V3_FEEDING,140,0,46,46,0,1.5821668438416339,1.6200154773683295,1.3566681541085266,4.6485825630200965
V3_FEEDING:T140:S1,V3_FEEDING,140,1,20,20,0,0.6680260007331498,3.565586073266982,3.076297511107249,5.647452847444306
V3_FEEDING:T141:S0,V3_FEEDING,141,0,216,216,0,7.559241587243406,4.219590239400503,3.87722738735437,20.644267078719672
V3_FEEDING:T142:S0,V3_FEEDING,142,0,88,88,0,3.0588558980938387,4.324712404019133,3.8926837563700247,11.619715232230288
V3_FEEDING:T145:S0,V3_FEEDING,145,0,595,594,1,20.88460233870967,1.7200756000470023,1.3647466936766106,18.588873069292305
V3_FEEDING:T145:S1,V3_FEEDING,145,1,134,134,0,4.676182005131963,1.6727635878071054,1.2655717742722008,6.285946409594645
V3_FEEDING:T148:S0,V3_FEEDING,148,0,13,13,0,0.4219111583577728,1.9393098625684908,1.756096107942574,2.9206650316104423
V3_FEEDING:T14:S0,V3_FEEDING,14,0,8,8,0,0.2461148423753663,2.0787297745187505,0.6322268186698263,1.25016362420971
V3_FEEDING:T150:S0,V3_FEEDING,150,0,85,85,0,2.9533781085044097,6.116728579069572,5.928124512709832,12.129989541025864
V3_FEEDING:T150:S1,V3_FEEDING,150,1,34,34,0,1.160255685483861,4.461336045727757,3.8619259267447847,11.285523471192052
V3_FEEDING:T152:S1,V3_FEEDING,152,1,61,59,2,2.109555791788864,5.129505288489325,4.755001696346423,16.788312815986913
V3_FEEDING:T153:S0,V3_FEEDING,153,0,392,392,0,13.747271909824036,0.9579975600153374,0.7318874108735626,6.279451765001095
V3_FEEDING:T154:S0,V3_FEEDING,154,0,655,655,0,22.994158130498533,2.2186517795743934,1.7195246510516438,16.6931341939815
V3_FEEDING:T154:S1,V3_FEEDING,154,1,57,57,0,1.9689187390029304,2.5065387167050006,1.9366686972738418,5.2759246826171875
V3_FEEDING:T154:S2,V3_FEEDING,154,2,153,153,0,5.344208005865099,1.8019637304067035,1.3776745453721027,6.7356277142755125
V3_FEEDING:T157:S0,V3_FEEDING,157,0,16,16,0,0.527388947947216,1.1216854108979188,0.7607590259768704,1.8486697784713886
V3_FEEDING:T158:S0,V3_FEEDING,158,0,586,586,0,20.56816896994134,2.6047999230887524,2.3695946117217184,16.02065518870263
V3_FEEDING:T15:S0,V3_FEEDING,15,0,18,18,0,0.5977074743401758,6.503602231039984,4.5340407080269935,12.68077812346416
V3_FEEDING:T160:S0,V3_FEEDING,160,0,69,69,0,2.390829897360703,7.048172330356941,6.771873241125043,19.340658745533858
V3_FEEDING:T160:S1,V3_FEEDING,160,1,665,665,0,23.34575076246334,3.7544212111269455,3.3974581534368324,24.57530465729852
V3_FEEDING:T160:S2,V3_FEEDING,160,2,102,101,1,3.5510855828445784,4.854139109578766,3.8760941008162555,22.633612520489812
V3_FEEDING:T161:S0,V3_FEEDING,161,0,147,147,0,5.133252426686212,1.2906109269648935,0.8207214533979492,5.1534090730253075
V3_FEEDING:T161:S1,V3_FEEDING,161,1,25,25,0,0.8438223167155456,1.6787342805835355,1.0966593679942387,4.7518213164052145
V3_FEEDING:T162:S0,V3_FEEDING,162,0,312,312,0,10.934530854105574,1.128756352645121,0.701137939307252,4.638641357421875
V3_FEEDING:T164:S0,V3_FEEDING,164,0,6,6,0,0.17579631598239587,0.806578255684386,0.35213398983790584,0.4834504003243032
V3_FEEDING:T164:S1,V3_FEEDING,164,1,656,656,0,23.02931739369501,2.497027485753181,2.2020209261709307,11.850114101609284
V3_FEEDING:T165:S0,V3_FEEDING,165,0,261,261,0,9.14140843108504,1.788316446832038,1.5076748220916802,5.416365014309513
V3_FEEDING:T165:S1,V3_FEEDING,165,1,5,5,0,0.14063705278591954,5.97742882154542,2.6858097887427164,3.631734921536134
V3_FEEDING:T166:S0,V3_FEEDING,166,0,159,159,0,5.555163585043999,1.629025919935791,1.2651370237949284,5.703872147864281
V3_FEEDING:T166:S1,V3_FEEDING,166,1,172,172,0,6.012234006598234,4.092798559158402,3.7775451452622546,20.41835375449389
V3_FEEDING:T167:S0,V3_FEEDING,167,0,113,113,0,3.9378374780058607,3.939450259144529,3.836615127963111,8.157890409780451
V3_FEEDING:T169:S0,V3_FEEDING,169,0,123,123,0,4.289430109970681,0.6688601002666595,0.41752150649275016,1.5710570838060298
V3_FEEDING:T171:S0,V3_FEEDING,171,0,135,135,0,4.7113412683284395,2.210312377094763,1.8428243700515823,10.2569036493135
V3_FEEDING:T172:S0,V3_FEEDING,172,0,105,105,0,3.6565633724340074,3.1106381505403577,2.7914999976394883,13.900171465351695
V3_FEEDING:T173:S0,V3_FEEDING,173,0,51,51,0,1.757963159824044,2.642484220088378,2.278802104249709,5.182222631760325
V3_FEEDING:T174:S0,V3_FEEDING,174,0,24,22,2,0.8086630535190693,3.6478683988884297,2.4480755418335254,5.812973327111612
V3_FEEDING:T175:S0,V3_FEEDING,175,0,12,12,0,0.3867518951612965,4.576168621841884,3.292599374581967,5.928909463183701
V3_FEEDING:T176:S0,V3_FEEDING,176,0,137,135,2,4.781659794721406,2.375051444019696,1.9085802436818733,12.190361297061825
V3_FEEDING:T177:S0,V3_FEEDING,177,0,122,122,0,4.25427084677419,5.0008071347252905,4.797254891910637,16.322877658724174
V3_FEEDING:T177:S1,V3_FEEDING,177,1,10,10,0,0.3164333687683296,6.83420185261232,4.55074365817795,7.497749897895918
V3_FEEDING:T178:S0,V3_FEEDING,178,0,23,23,0,0.7735037903225788,2.4640175567203313,1.8495405990396347,4.729949951171875
V3_FEEDING:T179:S0,V3_FEEDING,179,0,104,104,0,3.621404109237531,1.236962041107859,0.7192752752989303,3.798884000495982
V3_FEEDING:T17:S0,V3_FEEDING,17,0,158,158,0,5.520004321847506,5.136760411755718,4.659923254789851,22.030785644159522
V3_FEEDING:T181:S0,V3_FEEDING,181,0,12,12,0,0.3867518951612965,1.6733196744956884,0.5693852874999158,1.6236701166554595
V3_FEEDING:T182:S0,V3_FEEDING,182,0,9,9,0,0.2812741055718533,4.27547577310253,2.4550161176054828,3.9374149995477112
V3_FEEDING:T183:S0,V3_FEEDING,183,0,12,12,0,0.3867518951612965,2.77108702845995,1.3345331554302795,2.9545011884649846
V3_FEEDING:T184:S0,V3_FEEDING,184,0,6,6,0,0.17579631598241008,4.736278018446325,2.818382251766517,7.785003662109375
V3_FEEDING:T18:S0,V3_FEEDING,18,0,32,32,0,1.0899371590909084,4.472235140655681,4.028349200583429,13.263211373474668
V3_FEEDING:T19:S0,V3_FEEDING,19,0,40,40,0,1.3712112646627563,5.033316390033873,4.164919159372968,15.993519048786068
V3_FEEDING:T1:S0,V3_FEEDING,1,0,9,9,0,0.28127410557184745,4.722213570602399,3.7334300294027876,12.002959376250242
V3_FEEDING:T20:S0,V3_FEEDING,20,0,61,61,0,2.109555791788856,5.591513999193233,4.729755407486757,34.35334365017078
V3_FEEDING:T22:S0,V3_FEEDING,22,0,79,78,1,2.7424225293255127,4.109514703462317,3.4086595868700065,15.844209996066876
V3_FEEDING:T25:S0,V3_FEEDING,25,0,37,37,0,1.2657334750733131,4.828780016029791,4.064161954676187,13.251152747378645
V3_FEEDING:T27:S0,V3_FEEDING,27,0,422,422,0,14.802049805718474,3.518709905346659,3.195355409240156,15.548658649286212
V3_FEEDING:T2:S0,V3_FEEDING,2,0,10,10,0,0.3164333687683284,13.321716020028234,11.327663279191693,19.258278683878803
V3_FEEDING:T2:S1,V3_FEEDING,2,1,48,48,0,1.6524853702346038,2.844967453743429,2.4983660587196486,5.849769908265691
V3_FEEDING:T2:S2,V3_FEEDING,2,2,47,47,0,1.617326107038123,2.8257403417091824,2.2242608120505944,8.95075520983424
V3_FEEDING:T2:S3,V3_FEEDING,2,3,48,45,3,1.6524853702346034,4.320802459561018,3.7952738850900434,9.668075291959891
V3_FEEDING:T30:S0,V3_FEEDING,30,0,126,126,0,4.394907899560117,3.7826524938920194,3.496701158885977,9.747058233250852
V3_FEEDING:T30:S2,V3_FEEDING,30,2,37,37,0,1.265733475073315,5.299646842409762,5.078986221481125,15.932026117661925
V3_FEEDING:T33:S0,V3_FEEDING,33,0,32,32,0,1.0899371590909093,3.5288059374851835,3.2949179794788654,10.89301841691626
V3_FEEDING:T33:S1,V3_FEEDING,33,1,6,6,0,0.17579631598240475,4.732631826472585,2.0884717442522787,3.759341289707478
V3_FEEDING:T33:S2,V3_FEEDING,33,2,9,9,0,0.2812741055718462,2.7327240026018735,2.058184078678397,3.1722564697265625
V3_FEEDING:T34:S0,V3_FEEDING,34,0,31,31,0,1.0547778958944285,6.941056382577176,5.316644475503406,19.806342688782113
V3_FEEDING:T34:S1,V3_FEEDING,34,1,5,5,0,0.1406370527859231,10.574485569342935,6.80788635755146,7.50835785730536
V3_FEEDING:T34:S3,V3_FEEDING,34,3,14,14,0,0.4570704215542509,3.0375286820921596,2.408571403237973,4.924482225063385
V3_FEEDING:T34:S4,V3_FEEDING,34,4,24,24,0,0.8086630535190604,3.3576072103897556,2.8868549873610094,9.183739984562884
V3_FEEDING:T35:S0,V3_FEEDING,35,0,6,6,0,0.17579631598240475,2.83887109243138,1.22915745100424,1.990601397265218
V3_FEEDING:T36:S0,V3_FEEDING,36,0,59,59,0,2.0392372653958937,2.5261131903346863,2.0258437179504734,7.357462321399026
V3_FEEDING:T37:S0,V3_FEEDING,37,0,24,24,0,0.8086630535190622,6.131238323648227,5.457098501791526,15.64801586816028
V3_FEEDING:T37:S1,V3_FEEDING,37,1,11,11,0,0.3515926319648095,3.8151589465460396,2.7982457395339395,5.0577788819009895
V3_FEEDING:T3:S0,V3_FEEDING,3,0,28,28,0,0.9493001063049852,6.527348092676823,6.044193531410328,15.140534605903225
V3_FEEDING:T40:S0,V3_FEEDING,40,0,18,18,0,0.5977074743401758,5.149185413444539,4.717427493191194,13.777458412739364
V3_FEEDING:T40:S1,V3_FEEDING,40,1,208,204,4,7.2779674816715545,6.931541306947147,6.578559398886446,28.044454485577514
V3_FEEDING:T42:S0,V3_FEEDING,42,0,37,37,0,1.2657334750733131,5.926898955461055,5.552347716186113,20.66349294208725
V3_FEEDING:T43:S0,V3_FEEDING,43,0,163,163,0,5.69580063782991,3.2823256455788283,2.9170786138852667,12.666556849750814
V3_FEEDING:T44:S0,V3_FEEDING,44,0,86,83,3,2.9885373717008807,2.991499666068675,2.282392720077027,10.253749029679934
V3_FEEDING:T45:S0,V3_FEEDING,45,0,49,48,1,1.6876446334310842,7.75055967194221,7.144690088841275,14.147340419735793
V3_FEEDING:T48:S0,V3_FEEDING,48,0,25,24,1,0.8438223167155421,10.52583914742045,9.195560275164734,31.93346814163047
V3_FEEDING:T49:S0,V3_FEEDING,49,0,185,184,1,6.4693044281524905,4.563639492870728,3.549351943006117,24.905988719623036
V3_FEEDING:T49:S1,V3_FEEDING,49,1,373,373,0,13.079245909090908,2.1850444303235994,1.5760355574432723,18.82560390976082
V3_FEEDING:T4:S0,V3_FEEDING,4,0,106,103,3,3.691722635630498,3.2916834846072707,2.4616989320581624,11.980046860973662
V3_FEEDING:T50:S0,V3_FEEDING,50,0,38,38,0,1.300892738269793,3.6909171499292746,3.2690554618746788,8.305191894287756
V3_FEEDING:T51:S0,V3_FEEDING,51,0,54,51,3,1.8634409494134907,5.655073893810514,5.03693760815069,13.08243812036926
V3_FEEDING:T53:S1,V3_FEEDING,53,1,34,34,0,1.1602556854838717,2.490219284551655,1.530899038595169,5.307355856778773
V3_FEEDING:T55:S0,V3_FEEDING,55,0,35,35,0,1.1954149486803516,5.914926969260641,5.495734899081498,13.455035819704094
V3_FEEDING:T56:S0,V3_FEEDING,56,0,473,473,0,16.595172228738996,4.96404709559459,4.706414507805759,21.07915789404688
V3_FEEDING:T56:S1,V3_FEEDING,56,1,257,257,0,9.00077137829912,4.313651064499611,3.8471081878668203,24.837545869614996
V3_FEEDING:T57:S0,V3_FEEDING,57,0,180,179,1,6.2935081121700875,4.364379480119905,3.778131848903389,24.34769230300051
V3_FEEDING:T5:S0,V3_FEEDING,5,0,5,5,0,0.14063705278592373,9.887485206559106,5.686551656716073,9.749205007657112
V3_FEEDING:T60:S0,V3_FEEDING,60,0,6,6,0,0.17579631598240297,12.645753397295078,7.900064401193662,12.014881581400314
V3_FEEDING:T61:S0,V3_FEEDING,61,0,12,12,0,0.3867518951612894,6.963993318545828,5.6059210419966,10.669371525349687
V3_FEEDING:T62:S0,V3_FEEDING,62,0,5,5,0,0.1406370527859231,2.056410694773265,0.9550745630321695,1.199673433070138
V3_FEEDING:T62:S1,V3_FEEDING,62,1,33,33,0,1.1250964222873883,1.7719308502235491,1.4698534419742912,4.017720832414726
V3_FEEDING:T62:S2,V3_FEEDING,62,2,46,46,0,1.5821668438416445,7.541216038796661,7.254641651874959,17.588600995424436
V3_FEEDING:T63:S0,V3_FEEDING,63,0,5,5,0,0.1406370527859231,4.493969690740019,2.179670238675097,2.564393976334674
V3_FEEDING:T67:S0,V3_FEEDING,67,0,5,5,0,0.14063705278592664,4.220582805831497,2.3571794885315467,3.1898539234624455
V3_FEEDING:T68:S0,V3_FEEDING,68,0,175,175,0,6.117711796187685,3.1994711861875835,2.916464793248869,10.152304303115365
V3_FEEDING:T69:S0,V3_FEEDING,69,0,14,14,0,0.45707042155424915,2.9700869137253596,2.286998966679693,8.4814390001839
V3_FEEDING:T69:S1,V3_FEEDING,69,1,8,8,0,0.2461148423753663,2.052044739462104,1.3899560282537984,2.9771062870178797
V3_FEEDING:T70:S0,V3_FEEDING,70,0,40,40,0,1.3712112646627581,3.18900137482298,2.798772509433401,8.434240974956412
V3_FEEDING:T71:S0,V3_FEEDING,71,0,349,349,0,12.235423592375366,3.4238850829365886,3.111007548277673,15.61077880859375
V3_FEEDING:T73:S0,V3_FEEDING,73,0,61,61,0,2.109555791788857,2.800350535622771,2.079396533081838,5.476340433079387
V3_FEEDING:T73:S1,V3_FEEDING,73,1,71,71,0,2.4611484237536665,3.8816952740959745,3.238472599976226,15.444843521984144
V3_FEEDING:T77:S0,V3_FEEDING,77,0,394,394,0,13.817590436217007,3.0667572516271804,2.781180604430866,12.379550281993629
V3_FEEDING:T78:S0,V3_FEEDING,78,0,68,68,0,2.3556706341642197,2.8731473403474346,2.6001635504558247,7.406650896655244
V3_FEEDING:T78:S1,V3_FEEDING,78,1,71,71,0,2.4611484237536665,4.258473935479228,3.8863338568727364,14.670100667061337
V3_FEEDING:T78:S2,V3_FEEDING,78,2,103,100,3,3.5862448460410583,8.474899767009726,8.153102102727283,27.621871964969962
V3_FEEDING:T80:S0,V3_FEEDING,80,0,46,46,0,1.582166843841641,4.164105377882986,3.8315081283570604,13.771395428800332
V3_FEEDING:T82:S0,V3_FEEDING,82,0,353,352,1,12.376060645161292,2.9541087640771098,2.579713038122794,11.309555997147006
V3_FEEDING:T83:S0,V3_FEEDING,83,0,65,65,0,2.2501928445747836,3.414152533143264,3.280522539072097,8.465748148135997
V3_FEEDING:T83:S1,V3_FEEDING,83,1,11,11,0,0.35159263196480595,2.289276905284391,0.9537464850513437,2.9360621711751222
V3_FEEDING:T89:S0,V3_FEEDING,89,0,30,30,0,1.019618632697945,1.6693819711471551,1.1395915536233103,5.000240114246828
V3_FEEDING:T89:S1,V3_FEEDING,89,1,8,6,2,0.24611484237536985,2.6470277318220243,1.797237853752612,2.639376742122439
V3_FEEDING:T8:S0,V3_FEEDING,8,0,39,39,0,1.3360520014662756,2.8525126976522,2.23251635709041,16.169580444478047
V3_FEEDING:T8:S1,V3_FEEDING,8,1,25,25,0,0.8438223167155421,5.360050815919984,4.6282102387722395,15.101178139245738
V3_FEEDING:T90:S0,V3_FEEDING,90,0,461,459,2,16.17326107038123,3.3368323987504476,2.716153315584861,16.588536115654914
V3_FEEDING:T90:S1,V3_FEEDING,90,1,14,14,0,0.45707042155425626,3.592215431262721,2.707766253308073,6.277722364514249
V3_FEEDING:T90:S2,V3_FEEDING,90,2,773,765,8,27.14295118768328,2.207004035329511,1.7086448315689409,12.64246871334788
V3_FEEDING:T92:S0,V3_FEEDING,92,0,461,461,0,16.17326107038123,3.4412118009562227,3.170721540091607,15.64109928906594
V3_FEEDING:T93:S0,V3_FEEDING,93,0,28,28,0,0.9493001063049888,2.928356312251574,2.4658248171043766,5.033725239609446
V3_FEEDING:T94:S0,V3_FEEDING,94,0,114,114,0,3.972996741202344,1.7947351936401692,1.5049970030991306,4.51770776092313
V3_FEEDING:T94:S1,V3_FEEDING,94,1,221,221,0,7.735037903225809,3.9561277794183876,3.7296422775377596,13.440142458660086
V3_FEEDING:T95:S0,V3_FEEDING,95,0,176,174,2,6.152871059384161,2.6529964247188627,2.4426269144081183,12.716420006072616
V3_FEEDING:T97:S0,V3_FEEDING,97,0,37,37,0,1.2657334750733185,2.4055105904382317,1.5313855914914154,5.875732421875
V3_FEEDING:T9:S0,V3_FEEDING,9,0,20,20,0,0.6680260007331377,4.480124407263126,2.8361719715408946,10.707758155529548
V4_BREEDING:T1:S0,V4_BREEDING,1,0,420,419,1,14.615379050811232,1.5853762966845877,1.351462467453444,19.162428815572685
V4_BREEDING:T1:S1,V4_BREEDING,1,1,552,552,0,19.219746675410477,1.906693944179502,1.6846848480221528,11.963218224000535
V4_BREEDING:T2:S0,V4_BREEDING,2,0,1409,1409,0,49.113254662391924,1.268503770732398,1.0502503738014406,23.01463228338872
V5_NORMAL:T101:S0,V5_NORMAL,101,0,45,45,0,1.5448264420353581,1.5257313804480768,1.1273630443224583,3.0062735734531936
V5_NORMAL:T102:S0,V5_NORMAL,102,0,14,14,0,0.4564259942377191,2.9970256644447826,2.7410714585291585,5.205783649459713
V5_NORMAL:T103:S0,V5_NORMAL,103,0,35,35,0,1.1937295233909566,5.656233225603197,5.288387802088401,17.723312377929688
V5_NORMAL:T106:S0,V5_NORMAL,106,0,122,122,0,4.248272715597224,1.5497029791128218,1.3132600086942448,6.868326632147149
V5_NORMAL:T107:S0,V5_NORMAL,107,0,94,94,0,3.265201343392917,2.436817961495693,2.1333840678653875,10.565768732939267
V5_NORMAL:T10:S0,V5_NORMAL,10,0,14,14,0,0.45642599423771735,2.2489259020340615,0.7760816375829431,1.6382441175511253
V5_NORMAL:T110:S0,V5_NORMAL,110,0,14,14,0,0.4564259942377191,2.5038526013562694,2.160017994402075,4.511351668402692
V5_NORMAL:T112:S0,V5_NORMAL,112,0,29,29,0,0.9830713722043072,1.6502685696197317,0.8843645154173573,3.6152918748956
V5_NORMAL:T115:S0,V5_NORMAL,115,0,136,136,0,4.739808401699378,3.1730373041155637,2.387244567748867,17.66963350683529
V5_NORMAL:T117:S0,V5_NORMAL,117,0,165,165,0,5.757989465768134,1.304096840388661,0.8262968543154477,4.94656501416372
V5_NORMAL:T11:S0,V5_NORMAL,11,0,14,14,0,0.45642599423771735,2.8414331897863554,1.6196125556514949,4.040844871053263
V5_NORMAL:T122:S0,V5_NORMAL,122,0,61,61,0,2.106581511866395,2.198983348009099,1.6408262416060457,10.478030723943053
V5_NORMAL:T12:S0,V5_NORMAL,12,0,17,17,0,0.5617550698310367,1.8629990030252077,1.0990450803426992,3.2620710451068886
V5_NORMAL:T13:S0,V5_NORMAL,13,0,16,16,0,0.5266453779665987,3.697887897596801,3.178937662443487,6.363378463811021
V5_NORMAL:T13:S1,V5_NORMAL,13,1,177,177,0,6.17930576814142,1.8036554790698067,1.5351612712548197,7.513654567538924
V5_NORMAL:T14:S0,V5_NORMAL,14,0,130,130,0,4.529150250512746,2.5803382000858655,2.371174204628858,12.415904938053066
V5_NORMAL:T15:S0,V5_NORMAL,15,0,100,100,0,3.4758594945795487,5.175353631073014,4.813269806385877,27.0379921568183
V5_NORMAL:T18:S0,V5_NORMAL,18,0,101,101,0,3.5109691864439903,1.695386122038056,0.6484148320725714,5.156829720477383
V5_NORMAL:T19:S0,V5_NORMAL,19,0,22,22,0,0.7373035291532375,2.459165852850588,1.0549824660093106,3.8472786122619076
V5_NORMAL:T19:S1,V5_NORMAL,19,1,42,42,0,1.4394973664420334,2.766094738232208,2.1757372382141362,6.871612497258244
V5_NORMAL:T1:S0,V5_NORMAL,1,0,1337,1334,3,46.90654833089169,3.859865013936972,3.493201877424417,47.31035553078485
V5_NORMAL:T20:S0,V5_NORMAL,20,0,14,14,0,0.45642599423771557,27.44123544941257,24.679400410665757,41.99511862068377
V5_NORMAL:T21:S0,V5_NORMAL,21,0,45,45,0,1.5448264420353546,1.3905941467592458,0.9548352784102565,2.6829364610573188
V5_NORMAL:T22:S0,V5_NORMAL,22,0,769,769,0,26.964243351889834,1.7515485329046259,1.4237050959906794,19.52702458869388
V5_NORMAL:T24:S1,V5_NORMAL,24,1,1195,1195,0,41.92097208614123,2.527530297963211,2.190488221152715,23.859527587890625
V5_NORMAL:T25:S0,V5_NORMAL,25,0,47,47,0,1.6150458257642377,7.256171634212978,6.560647755307088,16.31217212391453
V5_NORMAL:T25:S1,V5_NORMAL,25,1,30,30,0,1.0181810640687559,1.645437178376232,0.6375973883132239,2.2232718537030394
V5_NORMAL:T29:S0,V5_NORMAL,29,0,284,284,0,9.936042797636485,2.0447282311121375,1.54112479202477,20.09295618903626
V5_NORMAL:T29:S1,V5_NORMAL,29,1,268,267,1,9.374287727805445,2.1694978201189294,1.8043608456587503,24.532821655273438
V5_NORMAL:T2:S0,V5_NORMAL,2,0,981,981,0,34.407498027151085,1.3415149011137202,1.01805475966433,24.286115836657903
V5_NORMAL:T33:S0,V5_NORMAL,33,0,121,121,0,4.21316302373279,1.3116368695607508,0.5402536261044576,1.94842529296875
V5_NORMAL:T33:S1,V5_NORMAL,33,1,13,13,0,0.42131630237327755,1.58892404790422,0.9668008719521036,2.0736017279277084
V5_NORMAL:T33:S2,V5_NORMAL,33,2,31,31,0,1.0532907559331974,1.4923486891715263,0.7024285691752917,2.886599668755417
V5_NORMAL:T35:S0,V5_NORMAL,35,0,113,113,0,3.9322854888172714,1.1207972156567734,0.891005531692665,2.8833565559209213
V5_NORMAL:T36:S0,V5_NORMAL,36,0,124,124,0,4.3184920993261,1.3331784292521942,1.0035584387754726,3.5484791787768266
V5_NORMAL:T38:S0,V5_NORMAL,38,0,196,196,0,6.84638991356578,0.8369653075623033,0.6009599121408591,2.88525390625
V5_NORMAL:T39:S0,V5_NORMAL,39,0,15,15,0,0.4915356861021607,2.3777800524955515,1.7161104438495334,6.0194156633774485
V5_NORMAL:T3:S0,V5_NORMAL,3,0,227,224,3,7.934790361363414,2.3981249771083184,2.2235099370348665,24.702767406338932
V5_NORMAL:T40:S0,V5_NORMAL,40,0,79,79,0,2.7385559654263147,1.9220854877085947,1.412271753451223,4.314325101929422
V5_NORMAL:T42:S0,V5_NORMAL,42,0,284,284,0,9.936042797636489,1.871509434361883,1.450341387948499,17.22482523959863
V5_NORMAL:T42:S1,V5_NORMAL,42,1,84,84,0,2.9141044247485084,1.19331068470685,0.6954633558089117,3.1913387056592533
V5_NORMAL:T43:S0,V5_NORMAL,43,0,274,274,0,9.584945878992087,2.2686177525233266,2.075890013616888,8.59063720703125
V5_NORMAL:T43:S1,V5_NORMAL,43,1,14,14,0,0.456425994237712,2.7179890251314354,2.464328373107059,6.5663670665484135
V5_NORMAL:T44:S0,V5_NORMAL,44,0,36,36,0,1.228839215255391,2.2477260062177526,1.2695478210893836,4.3453369140625
V5_NORMAL:T45:S0,V5_NORMAL,45,0,21,21,0,0.7021938372887959,1.3081789241717867,1.0228272935522678,2.155074013548278
V5_NORMAL:T47:S0,V5_NORMAL,47,0,36,36,0,1.228839215255391,2.927344956183766,2.076463972210982,10.755126021077334
V5_NORMAL:T48:S0,V5_NORMAL,48,0,279,279,0,9.760494338314288,1.6943913006565612,1.4043386277632597,15.52847671508789
V5_NORMAL:T49:S0,V5_NORMAL,49,0,10,10,0,0.31598722677995994,0.9532394620594824,0.567535472631468,0.9221067431542903
V5_NORMAL:T4:S0,V5_NORMAL,4,0,30,30,0,1.0181810640687567,15.331925088638036,14.096011001562253,42.149037686636234
V5_NORMAL:T50:S0,V5_NORMAL,50,0,179,179,0,6.249525151870294,3.051050409875561,2.786869533129713,13.29831687410695
V5_NORMAL:T50:S1,V5_NORMAL,50,1,52,52,0,1.790594285086442,1.7415467825219617,0.9162468469261874,4.19543718633672
V5_NORMAL:T51:S0,V5_NORMAL,51,0,138,138,0,4.810027785428261,1.780508382149684,1.2977406876592978,5.361811510405508
V5_NORMAL:T52:S0,V5_NORMAL,52,0,41,41,0,1.404387674577599,1.8049866030365087,1.5135241148744978,3.042440907806252
V5_NORMAL:T52:S1,V5_NORMAL,52,1,40,40,0,1.3692779827131574,1.0464523240276244,0.6618594858901806,3.4187340177031347
V5_NORMAL:T54:S0,V5_NORMAL,54,0,237,237,0,8.285887280007806,2.3860258294654653,1.8469879323948208,17.568610160027934
V5_NORMAL:T55:S0,V5_NORMAL,55,0,46,46,0,1.5799361338997997,1.7968450071012796,1.2393915714042678,4.4935455322265625
V5_NORMAL:T55:S1,V5_NORMAL,55,1,156,156,0,5.442002238988195,1.5664183770640612,1.161895914196544,8.573500249882843
V5_NORMAL:T59:S0,V5_NORMAL,59,0,44,44,0,1.5097167501709237,2.0614251328821407,1.4805470014566195,4.681577660145795
V5_NORMAL:T5:S0,V5_NORMAL,5,0,148,148,0,5.161124704072663,1.6744605517576634,1.2388676567502352,7.20997113326973
V5_NORMAL:T5:S1,V5_NORMAL,5,1,435,435,0,15.23760626916691,0.7522944576843413,0.4096363862608563,3.2661512724539836
V5_NORMAL:T60:S0,V5_NORMAL,60,0,22,22,0,0.7373035291532517,2.67355257573719,1.4021285492468787,4.081328718063765
V5_NORMAL:T63:S0,V5_NORMAL,63,0,187,187,0,6.53040268678582,1.6519510846581449,0.8568432153527941,4.87364555372418
V5_NORMAL:T63:S1,V5_NORMAL,63,1,179,179,0,6.249525151870301,4.233562587091589,3.4593215105361543,23.120751578661714
V5_NORMAL:T65:S0,V5_NORMAL,65,0,1422,1422,0,49.89087213936908,3.038153284777292,2.587642244067904,20.367292625151737
V5_NORMAL:T67:S0,V5_NORMAL,67,0,178,178,0,6.214415460005853,4.0272486640207115,2.6173139503490486,12.232307951463838
V5_NORMAL:T68:S0,V5_NORMAL,68,0,211,211,0,7.373035291532375,1.4871197011243864,1.0049679701597254,9.473447000963938
V5_NORMAL:T69:S0,V5_NORMAL,69,0,183,183,0,6.3899639193280535,1.7218315366440708,0.9930206823018513,8.4976806640625
V5_NORMAL:T69:S1,V5_NORMAL,69,1,23,23,0,0.7724132210176862,4.074375661487067,2.7034078935645494,17.916939788927202
V5_NORMAL:T69:S2,V5_NORMAL,69,2,1167,1164,3,40.93790071393691,1.5310522624788372,1.0828448549156304,17.326430542015554
V5_NORMAL:T6:S0,V5_NORMAL,6,0,185,185,0,6.460183303056938,1.4799778415504066,1.0255055217327753,4.833770751953125
V5_NORMAL:T71:S0,V5_NORMAL,71,0,22,22,0,0.7373035291532375,3.9945439390971633,2.011303752089594,6.10676127082602
V5_NORMAL:T73:S0,V5_NORMAL,73,0,72,72,0,2.492788122375231,1.4663383078781458,1.0931983996164212,6.634371394869777
V5_NORMAL:T74:S0,V5_NORMAL,74,0,108,108,0,3.7567370294950706,1.3853385991591034,0.89421319576218,4.3055510366196845
V5_NORMAL:T75:S0,V5_NORMAL,75,0,72,70,2,2.492788122375231,2.1277208299756443,1.4659919482420576,6.0999755859375
V5_NORMAL:T75:S1,V5_NORMAL,75,1,107,107,0,3.721627337630622,2.42694244065846,1.9762937278463328,32.30005646288171
V5_NORMAL:T77:S0,V5_NORMAL,77,0,249,249,0,8.707203582381084,2.6060705236568986,2.240086413005134,12.450164794921875
V5_NORMAL:T7:S0,V5_NORMAL,7,0,363,363,0,12.709708454927238,0.9113159903667004,0.6341940036604794,4.494006014843591
V5_NORMAL:T80:S0,V5_NORMAL,80,0,24,24,0,0.8075229128821064,2.2450710157921234,1.4849509799046856,5.749319338566536
V5_NORMAL:T81:S0,V5_NORMAL,81,0,131,131,0,4.564259942377191,1.1594993002213771,0.74051674946023,3.757439226628706
V5_NORMAL:T81:S1,V5_NORMAL,81,1,88,88,0,3.0545431922062676,3.0013392074484058,2.1857101644711823,18.967812479789494
V5_NORMAL:T82:S0,V5_NORMAL,82,0,31,31,0,1.0532907559331903,2.0311512151324176,1.4651957955038302,4.319934078219668
V5_NORMAL:T83:S0,V5_NORMAL,83,0,7,7,0,0.21065815118664943,0.7893670449361455,0.3065908417264105,0.7835400039975892
V5_NORMAL:T84:S0,V5_NORMAL,84,0,94,94,0,3.265201343392903,1.6751843358265446,1.2110887364753626,5.016785559418334
V5_NORMAL:T85:S0,V5_NORMAL,85,0,85,85,0,2.94921411661295,1.6339571092978957,1.384107246263457,8.141996569324409
V5_NORMAL:T88:S0,V5_NORMAL,88,0,19,19,0,0.6319744535599199,1.4916122244122212,0.8040262025206721,2.7420945010826157
V5_NORMAL:T89:S0,V5_NORMAL,89,0,753,751,2,26.402488282058798,3.288625379673573,3.019604946025689,26.351554297530186
V5_NORMAL:T92:S0,V5_NORMAL,92,0,378,378,0,13.23635383289384,1.4220223232701699,1.034623674992457,11.145300377314078
V5_NORMAL:T92:S1,V5_NORMAL,92,1,152,152,0,5.301563471530429,3.7669229544919354,2.773703807591224,20.70702804993287
V5_NORMAL:T95:S0,V5_NORMAL,95,0,64,64,0,2.2119105874597125,1.0898756205437583,0.444613346867083,1.867147225421055
V5_NORMAL:T95:S1,V5_NORMAL,95,1,8,8,0,0.2457678430510839,0.8624062868481632,0.1330314040988845,0.46317998437188035
V5_NORMAL:T97:S0,V5_NORMAL,97,0,47,47,0,1.615045825764227,1.2786529453342765,1.0352722598020245,2.653594970703125
V5_NORMAL:T98:S0,V5_NORMAL,98,0,21,21,0,0.7021938372887888,0.7441652261216747,0.47933680021975045,1.1590132445187735
V5_NORMAL:T9:S0,V5_NORMAL,9,0,34,32,2,1.1586198315265168,0.7011409249390341,0.37549450465160455,1.8529331932223694
V8_PAIR_T1:T11:S0,V8_PAIR_T1,11,0,60,60,0,2.537699092995169,9.083504858053507,8.947192231076263,23.96571117952051
V8_PAIR_T1:T12:S0,V8_PAIR_T1,12,0,119,119,0,5.075398185990345,0.970431570871369,0.6767431111225422,5.079181680310616
V8_PAIR_T1:T13:S0,V8_PAIR_T1,13,0,57,57,0,2.4086635458937167,10.772573791000639,10.13334384114901,78.06219048588785
V8_PAIR_T1:T15:S0,V8_PAIR_T1,15,0,10,10,0,0.38710664130434935,3.499212737717351,1.3307537508396503,2.465729055237806
V8_PAIR_T1:T16:S0,V8_PAIR_T1,16,0,475,475,0,20.387616442028985,3.3595553383518424,2.8799365327857505,35.08511019771402
V8_PAIR_T1:T17:S0,V8_PAIR_T1,17,0,67,67,0,2.8387820362318834,1.4942986535409004,0.8992909334617012,6.408056577116818
V8_PAIR_T1:T19:S0,V8_PAIR_T1,19,0,74,74,0,3.139864979468598,1.3919460685453893,1.0490290297782228,4.699928283691435
V8_PAIR_T1:T19:S1,V8_PAIR_T1,19,1,47,47,0,1.97854505555555,2.0996192836207324,1.7375966314007254,7.701744396107345
V8_PAIR_T1:T1:S0,V8_PAIR_T1,1,0,208,208,0,8.90345275,4.532426316811947,4.174564596647513,22.122483853548513
V8_PAIR_T1:T20:S0,V8_PAIR_T1,20,0,84,84,0,3.5699834698067647,1.6224419439283375,1.2971038873897738,6.912157747393684
V8_PAIR_T1:T2:S0,V8_PAIR_T1,2,0,71,71,0,3.01082943236715,1.6191975000443777,1.2538669102780302,5.594320678703446
V8_PAIR_T1:T3:S0,V8_PAIR_T1,3,0,84,84,0,3.569983469806763,3.304815031570204,3.155549113264361,9.953268139431588
V8_PAIR_T1:T4:S0,V8_PAIR_T1,4,0,66,66,0,2.795770187198068,5.581593929924545,5.086164789914118,27.485443115234375
V8_PAIR_T1:T7:S0,V8_PAIR_T1,7,0,21,21,0,0.8602369806763281,1.0197151529211685,0.6603671271549152,2.1813316345214844
V8_PAIR_T1:T8:S0,V8_PAIR_T1,8,0,246,246,0,10.537903013285025,2.3736210788108707,2.1135536403567707,14.969419509077662
