camera,experimental_context,video_id,source_video,track_id,trajectory_segment_no,trajectory_uid,first_frame,last_frame,observed_points,interpolated_points,cleaned_points,segment_start_sec,segment_end_sec,segment_duration_sec,observed_ratio,interpolated_ratio,segment_eligible_individual
top,UNKNOWN,TOP_VIDEO_1,1.mp4,1,1,TOP_VIDEO_1_track_1_seg_01,7,294,288,0,288,0.36174508564194224,15.193293596961574,14.831548511319632,1.0,0.0,True
top,UNKNOWN,TOP_VIDEO_1,1.mp4,3,1,TOP_VIDEO_1_track_3_seg_01,17,43,25,2,27,0.8785237794161455,2.2221483832290736,1.3436246038129283,0.9259259259259259,0.07407407407407407,True
top,UNKNOWN,TOP_VIDEO_1,1.mp4,9,1,TOP_VIDEO_1_track_9_seg_01,88,98,11,0,11,4.547652505212988,5.064431198987191,0.5167786937742029,1.0,0.0,True
top,UNKNOWN,TOP_VIDEO_1,1.mp4,13,1,TOP_VIDEO_1_track_13_seg_01,102,115,14,0,14,5.271142676496872,5.942954978403336,0.6718123019064643,1.0,0.0,True
top,UNKNOWN,TOP_VIDEO_1,1.mp4,13,2,TOP_VIDEO_1_track_13_seg_02,123,123,1,0,1,6.356377933422699,6.356377933422699,0.0,1.0,0.0,False
top,UNKNOWN,TOP_VIDEO_1,1.mp4,14,1,TOP_VIDEO_1_track_14_seg_01,110,126,17,0,17,5.684565631516235,6.51141154155496,0.8268459100387249,1.0,0.0,True
top,UNKNOWN,TOP_VIDEO_1,1.mp4,17,1,TOP_VIDEO_1_track_17_seg_01,167,298,132,0,132,8.630204186029193,15.400005074471254,6.769800888442061,1.0,0.0,True
top,UNKNOWN,TOP_VIDEO_1,1.mp4,20,1,TOP_VIDEO_1_track_20_seg_01,193,270,78,0,78,9.973828789842122,13.953024731903486,3.9791959420613647,1.0,0.0,True
top,UNKNOWN,TOP_VIDEO_1,1.mp4,21,1,TOP_VIDEO_1_track_21_seg_01,195,214,18,2,20,10.077184528596963,11.059064046767949,0.9818795181709863,0.9,0.1,True
top,UNKNOWN,TOP_VIDEO_1,1.mp4,21,2,TOP_VIDEO_1_track_21_seg_02,220,223,4,0,4,11.36913126303247,11.52416487116473,0.15503360813226053,1.0,0.0,False
top,UNKNOWN,TOP_VIDEO_1,1.mp4,21,3,TOP_VIDEO_1_track_21_seg_03,235,239,4,1,5,12.144299303693774,12.351010781203456,0.20671147750968188,0.8,0.2,False
top,UNKNOWN,TOP_VIDEO_1,1.mp4,22,1,TOP_VIDEO_1_track_22_seg_01,199,211,13,0,13,10.283896006106643,10.904030438635687,0.6201344325290439,1.0,0.0,True
top,UNKNOWN,TOP_VIDEO_1,1.mp4,23,1,TOP_VIDEO_1_track_23_seg_01,254,271,16,2,18,13.12617882186476,14.004702601280906,0.8785237794161453,0.8888888888888888,0.1111111111111111,True
top,UNKNOWN,TOP_VIDEO_1,1.mp4,24,1,TOP_VIDEO_1_track_24_seg_01,274,337,64,0,64,14.159736209413166,17.415441980190646,3.25570577077748,1.0,0.0,True
top,UNKNOWN,TOP_VIDEO_1,1.mp4,25,1,TOP_VIDEO_1_track_25_seg_01,275,296,22,0,22,14.211414078790588,15.296649335716413,1.0852352569258255,1.0,0.0,True
top,UNKNOWN,TOP_VIDEO_1,1.mp4,25,2,TOP_VIDEO_1_track_25_seg_02,302,364,63,0,63,15.606716551980936,18.810744453380995,3.2040279014000586,1.0,0.0,True
top,UNKNOWN,TOP_VIDEO_1,1.mp4,25,3,TOP_VIDEO_1_track_25_seg_03,369,396,24,4,28,19.069133800268098,20.464436273458446,1.3953024731903483,0.8571428571428571,0.14285714285714285,True
top,UNKNOWN,TOP_VIDEO_1,1.mp4,25,4,TOP_VIDEO_1_track_25_seg_04,402,405,4,0,4,20.774503489722967,20.929537097855228,0.15503360813226053,1.0,0.0,False
top,UNKNOWN,TOP_VIDEO_1,1.mp4,26,1,TOP_VIDEO_1_track_26_seg_01,304,339,35,1,36,15.710072290735777,17.51879771894549,1.808725428209712,0.9722222222222222,0.027777777777777776,True
top,UNKNOWN,TOP_VIDEO_1,1.mp4,27,1,TOP_VIDEO_1_track_27_seg_01,309,325,17,0,17,15.968461637622879,16.795307547661604,0.8268459100387258,1.0,0.0,True
top,UNKNOWN,TOP_VIDEO_1,1.mp4,27,2,TOP_VIDEO_1_track_27_seg_02,332,334,3,0,3,17.157052633303547,17.260408372058386,0.10335573875483917,1.0,0.0,False
top,UNKNOWN,TOP_VIDEO_1,1.mp4,29,1,TOP_VIDEO_1_track_29_seg_01,345,380,36,0,36,17.82886493521001,19.637590363419722,1.808725428209712,1.0,0.0,True
top,UNKNOWN,TOP_VIDEO_1,1.mp4,30,1,TOP_VIDEO_1_track_30_seg_01,384,492,105,4,109,19.8443018409294,25.425511733690797,5.581209892761397,0.963302752293578,0.03669724770642202,True
top,UNKNOWN,TOP_VIDEO_1,1.mp4,31,1,TOP_VIDEO_1_track_31_seg_01,390,414,22,3,25,20.154369057193925,21.394637922252013,1.2402688650580878,0.88,0.12,True
top,UNKNOWN,TOP_VIDEO_1,1.mp4,32,1,TOP_VIDEO_1_track_32_seg_01,420,455,34,2,36,21.704705138516534,23.513430566726246,1.808725428209712,0.9444444444444444,0.05555555555555555,True
top,UNKNOWN,TOP_VIDEO_1,1.mp4,33,1,TOP_VIDEO_1_track_33_seg_01,426,655,228,2,230,22.014772354781055,33.84900444221031,11.834232087429253,0.991304347826087,0.008695652173913044,True
top,UNKNOWN,TOP_VIDEO_1,1.mp4,33,2,TOP_VIDEO_1_track_33_seg_02,661,832,171,1,172,34.15907165847483,42.995987322013704,8.836915663538875,0.9941860465116279,0.005813953488372093,True
top,UNKNOWN,TOP_VIDEO_1,1.mp4,33,3,TOP_VIDEO_1_track_33_seg_03,838,850,10,3,13,43.306054538278225,43.92618897080727,0.6201344325290421,0.7692307692307693,0.23076923076923078,True
top,UNKNOWN,TOP_VIDEO_1,1.mp4,33,4,TOP_VIDEO_1_track_33_seg_04,858,1118,261,0,261,44.33961192582663,57.775857963955914,13.436246038129283,1.0,0.0,True
top,UNKNOWN,TOP_VIDEO_1,1.mp4,38,1,TOP_VIDEO_1_track_38_seg_01,491,733,243,0,243,25.373833864313376,37.879878253649096,12.50604438933572,1.0,0.0,True
top,UNKNOWN,TOP_VIDEO_1,1.mp4,39,1,TOP_VIDEO_1_track_39_seg_01,492,524,33,0,33,25.425511733690797,27.079203553768245,1.653691820077448,1.0,0.0,True
top,UNKNOWN,TOP_VIDEO_1,1.mp4,39,2,TOP_VIDEO_1_track_39_seg_02,529,537,9,0,9,27.33759290065535,27.751015855674712,0.41342295501936377,1.0,0.0,True
top,UNKNOWN,TOP_VIDEO_1,1.mp4,44,1,TOP_VIDEO_1_track_44_seg_01,585,594,10,0,10,30.231553585790888,30.69665441018767,0.4651008243967816,1.0,0.0,True
top,UNKNOWN,TOP_VIDEO_1,1.mp4,48,1,TOP_VIDEO_1_track_48_seg_01,659,670,11,1,12,34.05571591971999,34.624172482871614,0.5684565631516278,0.9166666666666666,0.08333333333333333,True
top,UNKNOWN,TOP_VIDEO_1,1.mp4,51,1,TOP_VIDEO_1_track_51_seg_01,713,741,29,0,29,36.84632086610068,38.29330120866845,1.4469803425677696,1.0,0.0,True
top,UNKNOWN,TOP_VIDEO_1,1.mp4,54,1,TOP_VIDEO_1_track_54_seg_01,720,735,10,6,16,37.208065951742626,37.98323399240393,0.7751680406613062,0.625,0.375,True
top,UNKNOWN,TOP_VIDEO_1,1.mp4,55,1,TOP_VIDEO_1_track_55_seg_01,740,817,78,0,78,38.24162333929104,42.2208192813524,3.9791959420613594,1.0,0.0,True
top,UNKNOWN,TOP_VIDEO_1,1.mp4,55,2,TOP_VIDEO_1_track_55_seg_02,822,828,5,2,7,42.479208628239505,42.789275844504026,0.31006721626452105,0.7142857142857143,0.2857142857142857,True
top,UNKNOWN,TOP_VIDEO_1,1.mp4,56,1,TOP_VIDEO_1_track_56_seg_01,740,928,187,2,189,38.24162333929104,47.957062782246055,9.715439442955017,0.9894179894179894,0.010582010582010581,True
top,UNKNOWN,TOP_VIDEO_1,1.mp4,56,2,TOP_VIDEO_1_track_56_seg_02,941,954,14,0,14,48.62887508415252,49.30068738605898,0.6718123019064635,1.0,0.0,True
top,UNKNOWN,TOP_VIDEO_1,1.mp4,62,1,TOP_VIDEO_1_track_62_seg_01,803,805,3,0,3,41.49732911006851,41.600684848823356,0.10335573875484272,1.0,0.0,False
top,UNKNOWN,TOP_VIDEO_1,1.mp4,62,2,TOP_VIDEO_1_track_62_seg_02,812,813,2,0,2,41.9624299344653,42.01410780384272,0.05167786937742136,1.0,0.0,False
top,UNKNOWN,TOP_VIDEO_1,1.mp4,63,1,TOP_VIDEO_1_track_63_seg_01,852,854,3,0,3,44.02954470956211,44.13290044831695,0.10335573875484272,1.0,0.0,False
top,UNKNOWN,TOP_VIDEO_1,1.mp4,63,2,TOP_VIDEO_1_track_63_seg_02,860,864,5,0,5,44.442967664581474,44.64967914209115,0.20671147750967833,1.0,0.0,True
top,UNKNOWN,TOP_VIDEO_1,1.mp4,63,3,TOP_VIDEO_1_track_63_seg_03,869,881,13,0,13,44.90806848897826,45.5282029215073,0.6201344325290421,1.0,0.0,True
top,UNKNOWN,TOP_VIDEO_1,1.mp4,64,1,TOP_VIDEO_1_track_64_seg_01,887,890,4,0,4,45.83827013777182,45.993303745904086,0.15503360813226408,1.0,0.0,False
top,UNKNOWN,TOP_VIDEO_1,1.mp4,66,1,TOP_VIDEO_1_track_66_seg_01,953,957,5,0,5,49.24900951668156,49.455720994191246,0.20671147750968544,1.0,0.0,True
top,UNKNOWN,TOP_VIDEO_1,1.mp4,67,1,TOP_VIDEO_1_track_67_seg_01,992,1010,19,0,19,51.26444642240096,52.19464807119452,0.9302016487935632,1.0,0.0,True
top,UNKNOWN,TOP_VIDEO_1,1.mp4,72,1,TOP_VIDEO_1_track_72_seg_01,1098,1111,14,0,14,56.74230057640751,57.41411287831397,0.6718123019064635,1.0,0.0,True
top,UNKNOWN,TOP_VIDEO_2,2.mp4,1,1,TOP_VIDEO_2_track_1_seg_01,0,9,10,0,10,0.0,0.5241032053175776,0.5241032053175776,1.0,0.0,True
top,UNKNOWN,TOP_VIDEO_2,2.mp4,2,1,TOP_VIDEO_2_track_2_seg_01,0,9,10,0,10,0.0,0.5241032053175776,0.5241032053175776,1.0,0.0,True
top,UNKNOWN,TOP_VIDEO_2,2.mp4,3,1,TOP_VIDEO_2_track_3_seg_01,6,9,4,0,4,0.34940213687838506,0.5241032053175776,0.17470106843919253,1.0,0.0,False
top,UNKNOWN,TOP_VIDEO_2,2.mp4,4,1,TOP_VIDEO_2_track_4_seg_01,11,84,74,0,74,0.6405705842770393,4.891629916297391,4.251059332020351,1.0,0.0,True
top,UNKNOWN,TOP_VIDEO_2,2.mp4,4,2,TOP_VIDEO_2_track_4_seg_02,96,104,9,0,9,5.590434190054161,6.056303705892007,0.46586951583784586,1.0,0.0,True
top,UNKNOWN,TOP_VIDEO_2,2.mp4,4,3,TOP_VIDEO_2_track_4_seg_03,109,117,9,0,9,6.347472153290662,6.8133416691285085,0.46586951583784675,1.0,0.0,True
top,UNKNOWN,TOP_VIDEO_2,2.mp4,4,4,TOP_VIDEO_2_track_4_seg_04,123,752,630,0,630,7.162743806006893,43.79173448875759,36.6289906827507,1.0,0.0,True
top,UNKNOWN,TOP_VIDEO_2,2.mp4,4,5,TOP_VIDEO_2_track_4_seg_05,758,1023,266,0,266,44.14113662563597,59.57306433776465,15.431927712128676,1.0,0.0,True
top,UNKNOWN,TOP_VIDEO_2,2.mp4,4,6,TOP_VIDEO_2_track_4_seg_06,1038,1038,1,0,1,60.44656967996061,60.44656967996061,0.0,1.0,0.0,False
top,UNKNOWN,TOP_VIDEO_2,2.mp4,4,7,TOP_VIDEO_2_track_4_seg_07,1050,1109,60,0,60,61.14537395371738,64.5811616330215,3.435787679304113,1.0,0.0,True
top,UNKNOWN,TOP_VIDEO_2,2.mp4,5,1,TOP_VIDEO_2_track_5_seg_01,11,18,8,0,8,0.6405705842770393,1.0482064106351552,0.4076358263581159,1.0,0.0,True
top,UNKNOWN,TOP_VIDEO_2,2.mp4,6,1,TOP_VIDEO_2_track_6_seg_01,11,13,3,0,3,0.6405705842770393,0.7570379632365009,0.11646737895946158,1.0,0.0,False
top,UNKNOWN,TOP_VIDEO_2,2.mp4,7,1,TOP_VIDEO_2_track_7_seg_01,15,306,292,0,292,0.8735053421959625,17.819508980797636,16.946003638601674,1.0,0.0,True
top,UNKNOWN,TOP_VIDEO_2,2.mp4,9,1,TOP_VIDEO_2_track_9_seg_01,72,207,136,0,136,4.192825642540621,12.054373722304284,7.861548079763663,1.0,0.0,True
top,UNKNOWN,TOP_VIDEO_2,2.mp4,10,1,TOP_VIDEO_2_track_10_seg_01,188,265,78,0,78,10.947933622189398,15.431927712128672,4.483994089939275,1.0,0.0,True
top,UNKNOWN,TOP_VIDEO_2,2.mp4,11,1,TOP_VIDEO_2_track_11_seg_01,203,634,431,1,432,11.82143896438536,36.92015913014935,25.098720165763993,0.9976851851851852,0.0023148148148148147,True
top,UNKNOWN,TOP_VIDEO_2,2.mp4,13,1,TOP_VIDEO_2_track_13_seg_01,419,707,288,1,289,24.399915892007222,41.171218462169705,16.771302570162483,0.9965397923875432,0.0034602076124567475,True
top,UNKNOWN,TOP_VIDEO_2,2.mp4,16,1,TOP_VIDEO_2_track_16_seg_01,614,616,3,0,3,35.755485340554735,35.8719527195142,0.11646737895946302,1.0,0.0,False
top,UNKNOWN,TOP_VIDEO_2,2.mp4,16,2,TOP_VIDEO_2_track_16_seg_02,624,626,3,0,3,36.33782223535204,36.454289614311506,0.11646737895946302,1.0,0.0,False
top,UNKNOWN,TOP_VIDEO_2,2.mp4,19,1,TOP_VIDEO_2_track_19_seg_01,641,769,127,2,129,37.32779495650747,44.781707209913016,7.453912253405548,0.9844961240310077,0.015503875968992248,True
top,UNKNOWN,TOP_VIDEO_2,2.mp4,19,2,TOP_VIDEO_2_track_19_seg_02,774,1316,542,1,543,45.07287565731167,76.63553535532579,31.562659698014116,0.998158379373849,0.001841620626151013,True
top,UNKNOWN,TOP_VIDEO_2,2.mp4,19,3,TOP_VIDEO_2_track_19_seg_03,1329,1385,57,0,57,77.39257331856228,80.6536599294272,3.261086610864922,1.0,0.0,True
top,UNKNOWN,TOP_VIDEO_2,2.mp4,19,4,TOP_VIDEO_2_track_19_seg_04,1391,1560,167,3,170,81.0030620663056,90.8445555883801,9.8414935220745,0.9823529411764705,0.01764705882352941,True
top,UNKNOWN,TOP_VIDEO_2,2.mp4,24,1,TOP_VIDEO_2_track_24_seg_01,757,759,3,0,3,44.082902936156245,44.19937031511571,0.11646737895946302,1.0,0.0,False
top,UNKNOWN,TOP_VIDEO_2,2.mp4,26,1,TOP_VIDEO_2_track_26_seg_01,783,787,4,1,5,45.59697886262925,45.82991362054817,0.23293475791891893,0.8,0.2,False
top,UNKNOWN,TOP_VIDEO_2,2.mp4,26,2,TOP_VIDEO_2_track_26_seg_02,798,798,1,0,1,46.47048420482521,46.47048420482521,0.0,1.0,0.0,False
top,UNKNOWN,TOP_VIDEO_2,2.mp4,29,1,TOP_VIDEO_2_track_29_seg_01,830,840,11,0,11,48.3339622681766,48.91629916297391,0.582336894797308,1.0,0.0,True
top,UNKNOWN,TOP_VIDEO_2,2.mp4,33,1,TOP_VIDEO_2_track_33_seg_01,952,1109,155,3,158,55.43847238470376,64.5811616330215,9.142689248317737,0.9810126582278481,0.0189873417721519,True
top,UNKNOWN,TOP_VIDEO_2,2.mp4,34,1,TOP_VIDEO_2_track_34_seg_01,1006,1148,141,2,143,58.583091616609224,66.852275522731,8.269183906121782,0.986013986013986,0.013986013986013986,True
top,UNKNOWN,TOP_VIDEO_2,2.mp4,34,2,TOP_VIDEO_2_track_34_seg_02,1164,1331,168,0,168,67.7840145544067,77.50904069752174,9.725026143115045,1.0,0.0,True
top,UNKNOWN,TOP_VIDEO_2,2.mp4,36,1,TOP_VIDEO_2_track_36_seg_01,1021,1026,6,0,6,59.456596958805186,59.74776540620384,0.291168447398654,1.0,0.0,True
top,UNKNOWN,TOP_VIDEO_2,2.mp4,37,1,TOP_VIDEO_2_track_37_seg_01,1048,1061,14,0,14,61.02890657475792,61.78594453799442,0.757037963236499,1.0,0.0,True
top,UNKNOWN,TOP_VIDEO_2,2.mp4,37,2,TOP_VIDEO_2_track_37_seg_02,1069,1073,5,0,5,62.25181405383227,62.48474881175119,0.23293475791891893,1.0,0.0,True
top,UNKNOWN,TOP_VIDEO_2,2.mp4,39,1,TOP_VIDEO_2_track_39_seg_01,1080,1087,8,0,8,62.892384638109306,63.30002046446742,0.407635826358117,1.0,0.0,True
top,UNKNOWN,TOP_VIDEO_2,2.mp4,40,1,TOP_VIDEO_2_track_40_seg_01,1114,1116,3,0,3,64.87233008042016,64.98879745937961,0.11646737895945591,1.0,0.0,False
top,UNKNOWN,TOP_VIDEO_2,2.mp4,41,1,TOP_VIDEO_2_track_41_seg_01,1118,1218,99,2,101,65.10526483833908,70.92863378631216,5.82336894797308,0.9801980198019802,0.019801980198019802,True
top,UNKNOWN,TOP_VIDEO_2,2.mp4,41,2,TOP_VIDEO_2_track_41_seg_02,1225,1526,300,2,302,71.33626961267028,88.86461014606925,17.528340533398975,0.9933774834437086,0.006622516556291391,True
top,UNKNOWN,TOP_VIDEO_2,2.mp4,42,1,TOP_VIDEO_2_track_42_seg_01,1119,1223,105,0,105,65.1634985278188,71.21980223371082,6.05630370589202,1.0,0.0,True
top,UNKNOWN,TOP_VIDEO_2,2.mp4,42,2,TOP_VIDEO_2_track_42_seg_02,1233,1247,15,0,15,71.80213912850813,72.61741078122435,0.8152716527162198,1.0,0.0,True
top,UNKNOWN,TOP_VIDEO_2,2.mp4,43,1,TOP_VIDEO_2_track_43_seg_01,1147,1148,2,0,2,66.79404183325127,66.852275522731,0.05823368947973506,1.0,0.0,False
top,UNKNOWN,TOP_VIDEO_2,2.mp4,46,1,TOP_VIDEO_2_track_46_seg_01,1188,1191,4,0,4,69.18162310192024,69.35632417035943,0.17470106843919098,1.0,0.0,False
top,UNKNOWN,TOP_VIDEO_2,2.mp4,50,1,TOP_VIDEO_2_track_50_seg_01,1219,1273,55,0,55,70.9868674757919,74.13148670769736,3.144619231905466,1.0,0.0,True
top,UNKNOWN,TOP_VIDEO_2,2.mp4,53,1,TOP_VIDEO_2_track_53_seg_01,1291,1315,23,2,25,75.17969311833251,76.57730166584605,1.397608547513542,0.92,0.08,True
top,UNKNOWN,TOP_VIDEO_2,2.mp4,53,2,TOP_VIDEO_2_track_53_seg_02,1323,1327,5,0,5,77.0431711816839,77.27610593960283,0.23293475791892604,1.0,0.0,True
top,UNKNOWN,TOP_VIDEO_2,2.mp4,53,3,TOP_VIDEO_2_track_53_seg_03,1344,1384,41,0,41,78.26607866075825,80.59542623994749,2.329347579189232,1.0,0.0,True
top,UNKNOWN,TOP_VIDEO_2,2.mp4,55,1,TOP_VIDEO_2_track_55_seg_01,1312,1542,227,4,231,76.40260059740686,89.79634917774496,13.393748580338098,0.9826839826839827,0.017316017316017316,True
top,UNKNOWN,TOP_VIDEO_2,2.mp4,55,2,TOP_VIDEO_2_track_55_seg_02,1554,1561,7,1,8,90.49515345150172,90.90278927785984,0.407635826358117,0.875,0.125,True
top,UNKNOWN,TOP_VIDEO_2,2.mp4,57,1,TOP_VIDEO_2_track_57_seg_01,1350,1350,1,0,1,78.61548079763664,78.61548079763664,0.0,1.0,0.0,False
top,UNKNOWN,TOP_VIDEO_2,2.mp4,57,2,TOP_VIDEO_2_track_57_seg_02,1356,1358,3,0,3,78.96488293451502,79.08135031347447,0.11646737895945591,1.0,0.0,False
top,UNKNOWN,TOP_VIDEO_2,2.mp4,58,1,TOP_VIDEO_2_track_58_seg_01,1392,1411,20,0,20,81.06129575578532,82.16773585590022,1.1064401001148951,1.0,0.0,True
top,UNKNOWN,TOP_VIDEO_2,2.mp4,58,2,TOP_VIDEO_2_track_58_seg_02,1416,1458,43,0,43,82.45890430329887,84.90471926144757,2.445814958148702,1.0,0.0,True
top,UNKNOWN,TOP_VIDEO_2,2.mp4,58,3,TOP_VIDEO_2_track_58_seg_03,1466,1556,91,0,91,85.3705887772854,90.61162083046119,5.241032053175786,1.0,0.0,True
top,UNKNOWN,TOP_VIDEO_2,2.mp4,60,1,TOP_VIDEO_2_track_60_seg_01,1504,1510,7,0,7,87.58346897751518,87.93287111439356,0.34940213687838195,1.0,0.0,True
top,UNKNOWN,TOP_VIDEO_2,2.mp4,61,1,TOP_VIDEO_2_track_61_seg_01,1526,1673,148,0,148,88.86461014606925,97.4249624995897,8.560352353520443,1.0,0.0,True
top,UNKNOWN,TOP_VIDEO_2,2.mp4,66,1,TOP_VIDEO_2_track_66_seg_01,1534,1568,32,3,35,89.3304796619071,91.31042510421796,1.97994544231085,0.9142857142857143,0.08571428571428572,True
top,UNKNOWN,TOP_VIDEO_2,2.mp4,66,2,TOP_VIDEO_2_track_66_seg_02,1574,1839,265,1,266,91.65982724109634,107.091754953225,15.431927712128669,0.9962406015037594,0.0037593984962406013,True
top,UNKNOWN,TOP_VIDEO_2,2.mp4,67,1,TOP_VIDEO_2_track_67_seg_01,1538,1550,13,0,13,89.56341441982603,90.2622186935828,0.6988042737567639,1.0,0.0,True
top,UNKNOWN,TOP_VIDEO_2,2.mp4,69,1,TOP_VIDEO_2_track_69_seg_01,1544,1556,13,0,13,89.91281655670441,90.61162083046119,0.6988042737567781,1.0,0.0,True
top,UNKNOWN,TOP_VIDEO_2,2.mp4,71,1,TOP_VIDEO_2_track_71_seg_01,1562,1563,2,0,2,90.96102296733957,91.01925665681931,0.05823368947973506,1.0,0.0,False
top,UNKNOWN,TOP_VIDEO_2,2.mp4,72,1,TOP_VIDEO_2_track_72_seg_01,1563,1573,11,0,11,91.01925665681931,91.60159355161662,0.582336894797308,1.0,0.0,True
top,UNKNOWN,TOP_VIDEO_2,2.mp4,73,1,TOP_VIDEO_2_track_73_seg_01,1565,1570,6,0,6,91.13572403577876,91.42689248317741,0.2911684473986469,1.0,0.0,True
top,UNKNOWN,TOP_VIDEO_2,2.mp4,74,1,TOP_VIDEO_2_track_74_seg_01,1575,1696,122,0,122,91.71806093057607,98.7643373576235,7.046276427047431,1.0,0.0,True
top,UNKNOWN,TOP_VIDEO_2,2.mp4,75,1,TOP_VIDEO_2_track_75_seg_01,1591,1691,97,4,101,92.64979996225176,98.47316891022484,5.82336894797308,0.9603960396039604,0.039603960396039604,True
top,UNKNOWN,TOP_VIDEO_2,2.mp4,75,2,TOP_VIDEO_2_track_75_seg_02,1697,1785,89,0,89,98.82257104710324,103.94713572131955,5.124564674216316,1.0,0.0,True
top,UNKNOWN,TOP_VIDEO_2,2.mp4,77,1,TOP_VIDEO_2_track_77_seg_01,1641,1644,4,0,4,95.5614844362383,95.7361855046775,0.17470106843919098,1.0,0.0,False
top,UNKNOWN,TOP_VIDEO_2,2.mp4,80,1,TOP_VIDEO_2_track_80_seg_01,1694,1696,3,0,3,98.64786997866405,98.7643373576235,0.11646737895945591,1.0,0.0,False
top,UNKNOWN,TOP_VIDEO_2,2.mp4,87,1,TOP_VIDEO_2_track_87_seg_01,1811,2030,218,2,220,105.46121164779255,118.21438964385361,12.753177996061055,0.990909090909091,0.00909090909090909,True
top,UNKNOWN,TOP_VIDEO_2,2.mp4,88,1,TOP_VIDEO_2_track_88_seg_01,1847,2030,184,0,184,107.55762446906286,118.21438964385361,10.656765174790749,1.0,0.0,True
top,UNKNOWN,TOP_VIDEO_2,2.mp4,89,1,TOP_VIDEO_2_track_89_seg_01,1851,1875,25,0,25,107.79055922698178,109.18816777449533,1.397608547513542,1.0,0.0,True
top,UNKNOWN,TOP_VIDEO_2,2.mp4,91,1,TOP_VIDEO_2_track_91_seg_01,1898,1902,5,0,5,110.52754263252913,110.76047739044806,0.23293475791892604,1.0,0.0,True
top,UNKNOWN,TOP_VIDEO_2,2.mp4,94,1,TOP_VIDEO_2_track_94_seg_01,1909,2030,122,0,122,111.16811321680618,118.21438964385361,7.046276427047431,1.0,0.0,True
top,UNKNOWN,TOP_VIDEO_2,2.mp4,95,1,TOP_VIDEO_2_track_95_seg_01,1912,2003,92,0,92,111.34281428524537,116.64208002790087,5.299265742655507,1.0,0.0,True
top,UNKNOWN,TOP_VIDEO_2,2.mp4,95,2,TOP_VIDEO_2_track_95_seg_02,2010,2030,21,0,21,117.04971585425899,118.21438964385361,1.164673789594616,1.0,0.0,True
top,UNKNOWN,TOP_VIDEO_2,2.mp4,96,1,TOP_VIDEO_2_track_96_seg_01,1914,1921,8,0,8,111.45928166420482,111.86691749056294,0.407635826358117,1.0,0.0,True
top,UNKNOWN,TOP_VIDEO_2,2.mp4,98,1,TOP_VIDEO_2_track_98_seg_01,1943,1999,57,0,57,113.14805865911703,116.40914526998195,3.261086610864922,1.0,0.0,True
top,UNKNOWN,TOP_VIDEO_2,2.mp4,98,2,TOP_VIDEO_2_track_98_seg_02,2004,2016,13,0,13,116.7003137173806,117.39911799113737,0.6988042737567781,1.0,0.0,True
top,UNKNOWN,TOP_VIDEO_2,2.mp4,99,1,TOP_VIDEO_2_track_99_seg_01,1958,1958,1,0,1,114.02156400131298,114.02156400131298,0.0,1.0,0.0,False
top,UNKNOWN,TOP_VIDEO_2,2.mp4,102,1,TOP_VIDEO_2_track_102_seg_01,2006,2008,3,0,3,116.81678109634007,116.93324847529952,0.11646737895945591,1.0,0.0,False
